ticker,isin,country
01P.F,US58506Q1094,—
02B.F,US09239B1098,—
02V.F,CA92707Y1088,—
038.F,JE00BYSS4X48,—
046.F,GB00BN0VZ646,—
04K.F,CA4990531069,—
04Q.DE,FI4000297767,Finland
04X.F,US71535D1063,USA
061.F,CA25609L1058,—
06M0.F,,—
079A.F,US09257W1009,—
07G0.DE,,—
08D.DE,,—
08T.F,CA89156V1067,Canada
096.DE,,—
0AJ.F,US86333M1080,—
0AK.DE,,—
0AV.F,FR0012532810,—
0B2.DE,AT0000BAWAG2,Austria
0B7.F,,Switzerland
0C6.F,US1417881091,USA
0DA.F,MHY2106R1100,—
0EF.DE,,USA
0FA.F,US31154R1095,—
0FE.F,SE0015657788,—
0FG.F,US00109K1051,—
0FY.F,US29446K1060,—
0G31.F,,—
0G93.F,MHY272651263,—
0GE.F,SE0015962485,—
0GJ.F,AU0000318552,—
0GS.F,US40171V1008,—
0GT.F,US86150R1077,—
0GV.F,US86887Q1094,—
0H9.F,JP3417200007,—
0HE1.F,CA05466C1095,—
0HF.F,FR0012419307,—
0HV.F,US29415F1049,USA
0I6.F,IT0003188064,Italy
0K91.F,CA74764Y2050,—
0KG.F,,—
0L5.DE,,USA
0L8.F,US5165441032,—
0LQ.F,MHY235081079,—
0MS.F,US31846B1089,—
0N5.F,US98423F1093,—
0NU.F,US67059N1081,USA
0O2.F,US7867001049,—
0OE.F,LU1092234845,—
0OK.F,US6792951054,USA
0OM.F,US68628V3087,USA
0ON.F,CA3012831077,—
0OT.F,US67576A1007,USA
0OV1.F,IT0005043507,—
0P1A.F,US9004502061,—
0P8.F,US70975L1070,—
0PN.F,SE0015960935,—
0PQ.F,NL0010872495,—
0PT.F,IE00B91XRN20,Irland
0PY.F,US70432V1026,USA
0Q0.F,KYG851581069,—
0Q2.F,US74736L1098,—
0QF.F,US60770K1079,USA
0QH.F,US76674Q1076,—
0QL0.F,US92766K1060,—
0QQA.F,BMG359472021,—
0R1.F,DK0060634707,—
0R6.F,CA76131D1033,Canada
0R7.F,FR0000039091,France
0RL0.F,US76119X1054,—
0S1.DE,,—
0S6.F,US1567271093,—
0SE0.F,US78435P1057,—
0SU.F,US25402D1028,USA
0SZ.F,US75574U1016,—
0T5.F,US90041L1052,—
0TB.F,KYG8807B1068,—
0UB.DE,,Switzerland
0UI.F,US9107101027,—
0V4.F,US92047W1018,—
0V6.SG,US92840M1027,—
0VD.F,NL0015000IY2,Netherlands
0VN.F,US35909R1086,—
0WE.F,IE00BLNN3691,—
0WJ.F,US48563L1017,—
0WKA.F,US98139A1051,—
0X5.F,FR0000066672,—
0XQ.F,US92827K3014,—
0YB0.F,US46222L1089,—
0YE.F,US98585N1063,USA
0YK.F,US92511U1025,—
0YU.F,US98850P1093,—
0Z2.F,US0144421072,—
0ZA.F,US75321W1036,—
0ZC.DE,None,USA
0ZG.F,US98954M1018,—
10D.F,US63938C1080,USA
10V.F,,—
1170.F,None,—
11H.F,US42727J1025,—
11N.F,US67011P1003,USA
12F.MU,,Canada
12V.F,US92337F1075,—
12X1.F,US0327973006,—
137.F,US01438T1060,—
13K.F,US4893981070,USA
14N1.SG,US64828T2015,—
15PA.SG,US02156K1034,USA
15R.F,US55955D1000,USA
163.F,US0050981085,—
169.F,IT0001006128,—
16A.F,JE00BJJN4441,—
16NA.F,US07373B1098,—
17M.DE,,—
17P0.F,,—
185.DE,US0138721065,USA
18I.F,IE00BD845X29,—
18LB.F,SE0010100958,—
19H.SG,,—
19KA.F,US21900C3088,—
19P.F,US71944F1066,—
19S.F,US78573M1045,USA
19T.F,CH0363463438,Switzerland
19V.SG,CH0311864901,Switzerland
19X.F,US05464T1043,—
1A7.DE,,—
1AE.SG,NL0010832176,Netherlands
1AL.F,CA0115321089,Canada
1AM.F,None,—
1AW.DE,,—
1B8.DE,,—
1BN.F,IT0005445280,—
1C5.F,US1746101054,USA
1CG.F,CH0334081137,—
1CK.F,KYG2177B1014,Hongkong
1COV.F,DE0006062144,Germany
1D4.F,CA25862T1003,—
1DN.F,US25787G1004,—
1DP.F,NO0010816093,—
1DQ.F,FR0013015583,—
1DZ0.F,SE0017072259,—
1ED.F,LU1048328220,—
1EJ.F,SE0018012635,—
1ES.F,CA3803551074,—
1F1.F,FR0011665280,France
1F80.MU,,—
1F9.F,US3383071012,USA
1FD.DE,,—
1FE1.F,US34984V2097,—
1FG0.F,US31572Q8814,—
1FN.F,FR0011476928,—
1FY.F,IL0011754137,—
1G3.SG,US3765461070,—
1G70.F,US3765358789,—
1G9.F,JP3273810006,—
1GC.F,CA1350861060,—
1GDA.F,US4884452065,—
1GIA.F,CA33767E2024,Canada
1GSN.F,CA67000B1040,—
1HI.F,US32051X1081,—
1HTA.DE,,USA
1I1.F,CA46050R1029,—
1I9A.F,SE0016101844,—
1ID.F,FR0010929125,France
1IG.F,BMG0670A1099,—
1IJ.F,US0070022076,—
1IK.F,US45781V1017,—
1IV.F,GB0007669376,Great Britain
1IY0.F,US61023L2079,—
1J8.F,,—
1K3.F,US49926D1090,—
1K9.F,US14167L1035,—
1KJ.F,US88025U1097,—
1KPA.F,US74365U1079,—
1KT.DE,,USA
1KW0.F,US27900N1037,—
1L30.F,SE0015949201,—
1LRC.F,CA29446Y5020,—
1LZ.F,US52466B1035,—
1M0.DE,,—
1M4.F,CH1134239669,—
1MA.F,US55405Y1001,—
1MJ1.F,US46620W2017,—
1MS.F,SE0009806607,—
1MTA.F,DK0060497295,—
1MU.DE,,—
1N4.F,US6475511001,—
1N8.DE,NL0012969182,Netherlands
1NBA.F,BE0974293251,Belgien
1NE0.F,,—
3L4.DU,,—
1NN.F,ES0105251005,—
1NQ0.F,CA25380B1022,—
1NR.SG,CA6665111002,Canada
1NV.F,MHY621321089,—
1OD.F,CA45075E1043,—
1ON.F,US2575541055,USA
1OT.F,US6904691010,—
1P5.F,,—
1PE.F,None,—
1PM.DE,,—
1Q3.F,CH0406705126,Switzerland
1Q5.F,US26210C1045,USA
1QK.F,ES0105287009,—
1RV.DE,,—
1S1.F,US92790C1045,—
1S2.F,,—
1S3.F,IT0004729759,—
1S90.F,US81750R2013,—
SPU.F,US8330341012,USA
1SO.SG,LU0633102719,Luxembourg
1SP.F,US86881A1007,—
1SQ0.MU,,—
1SXP.DE,DE000A3ENQ51,—
1T1.F,GB00BDSFG982,USA
1T3.F,US87164F1057,—
1T4.F,GB00BZ3CNK81,—
1TU.F,US89400J1079,—
1U1.DE,DE0005545503,Germany
1U5.F,SG9999014716,—
1UC0.F,,—
1V1.F,US92242T1016,—
1VRA.F,FR0013447729,—
1VT.F,US92686J1060,USA
1VX.F,PLMOBRK00013,—
1W3.F,CA92938W2022,—
1WE.F,FR0013451333,—
1WF.F,US94419L1017,USA
1WT.F,US97717P1049,—
1X0.F,,—
1XJ.DE,,—
1YD.F,US11135F1012,Singapore
1TY.HM,,Netherlands
1YN.F,US98585X1046,—
1YQA.F,,Switzerland
1ZB.F,US0937121079,USA
1ZK.F,NO0010815673,—
1ZL.F,US98887Q1040,—
1ZU.F,US70805E1091,—
209.F,,—
20V.F,US6350171061,—
21E.SG,FR0011950732,France
21P.F,CA05156X8504,—
22P.F,US70806A1060,—
22T.F,US69181V1070,—
22UA.DE,US09075V1026,Germany
22Z.DE,,—
25K0.F,US48576U2050,—
25M.F,US6837121036,—
260.F,US1523091007,—
26CA.DE,,—
276.F,NL0011660485,Netherlands
27E.F,US29357K1034,—
27J.F,US4532041096,—
27V0.F,NL0015002IE0,—
28K1.F,US08975B1098,—
28T.DE,,—
29A.F,US03209R1032,—
29B0.F,SE0025010671,—
29K.F,DK0060655629,—
2AR.SG,,—
2B30.F,US98422E1038,—
2B4.F,SE0009858152,—
2BD.DE,,—
2BH.F,US40412C1018,USA
2CF.F,US1630861011,—
2CK.F,KYG217651051,Hongkong
2CL.DE,,—
2CP.F,CA14042M1023,Canada
2CU.F,US1638511089,—
2DR.F,US4577301090,—
2ED.F,US83417M1045,Israel
2EN.F,NO0010716418,Norway
2ER.F,US12769G1004,USA
2EX.F,None,—
2F70.F,US9682233054,USA
2FB.SG,US34964C1062,USA
2FE.DE,NL0011585146,Netherlands
2G1.F,US3927091013,—
2G2.SG,,—
2GB.DE,DE000A0HL8N9,Germany
2GL.SG,,—
2H2.SG,,—
2H51.F,US67577C1053,—
2HA.F,US84833T1034,—
2HE.DE,,—
2HL.DE,,—
2HP.DE,,USA
2HQ0.F,,—
2I3.F,US15870P3073,—
2II.F,US45073V1089,USA
2IS.F,IE00BK9ZQ967,Irland
2IW.F,,—
2IX.F,GB00BF4HYV08,—
2J2.F,US30257X1046,—
2K3.F,US8257041090,—
2KD.F,US49456B1017,USA
2L2.F,US5327461043,—
2LB.F,US4622601007,USA
2LE1.F,MHY235921357,—
2LYA.F,CA42981E4013,—
2M6.DE,IE00BTN1Y115,Irland
2MK.F,CH0420462266,Switzerland
2N2A.F,US36472T1097,USA
2N8.SG,,—
2NF.F,BE0974464977,—
2NH.F,ES0105043006,—
2NP.F,PLSPRSF00011,—
2OQ.F,US03212B1035,—
2OY.F,US2605571031,USA
2PG.F,US74347M1080,USA
2PI.MU,,Italy
2PO.F,US7374461041,USA
2PQ.F,US68621F1021,—
2PU.F,US74584P3010,—
2QO.F,US74736K1016,USA
2R7.F,BE0974400328,—
2RG.F,NO0010735343,—
2RJA.F,US71948P2092,—
2RM.F,US75524W1080,USA
2S0.F,NO0010863285,—
2S3.SG,,USA
2TG.F,IE00BFY8C754,Irland
2TK.F,US28617K1016,—
2TY.F,US69553P1003,USA
2U3.DE,CH0432492467,Switzerland
2U9.F,,—
2UH0.F,US00183L2016,—
2V8.F,US68373M1071,—
2VO.SG,FI4000074984,Finland
2VSA.F,US92337C2035,—
2VZ.F,US52661A1088,—
2WBA.SG,US9485961018,—
2WSA.F,FR0013357621,—
2WZ.F,US67098H1041,USA
2X0.DE,,USA
2X1.SG,FR0012333284,France
2XD.F,US65342K1051,—
2XM0.F,CA62930A1021,—
2XT.F,US23355L1061,USA
2Y5.F,US29260V1052,—
2YN.F,US5786051079,—
2YP.F,US42225T1079,—
2ZP.F,IT0005119810,—
307.F,CA82509L1076,Canada
30J.F,US45166A1025,—
30Q.F,,—
31WN.F,CA95805V1085,—
32RD.F,US7332451043,—
334.F,US23204G1004,—
3350.F,US00032Q1040,—
3371.F,US21833P3010,—
33B.F,US0565251081,USA
33L.DE,None,Canada
34D.F,IT0003492391,Italy
34U.F,US90384S3031,USA
34Z.F,US98923T1043,—
351.F,US53814X3008,—
354.F,US19459J1043,—
35G.F,BMG3922B1072,—
35U.F,US6988841036,—
36E.F,CA36168Q1046,—
36K.F,NO0010833262,—
36N.F,CA00258V3083,—
36Z.F,US68621T1025,—
37C.F,NL0010545661,Netherlands
37H.F,MHY271836006,—
38D.F,US3802371076,USA
38I.F,US45826J1051,USA
38P.F,FI4000092556,—
3920.F,US00773J2024,—
398.F,US22658D1000,—
39EA.F,CNE1000031W9,—
3A6.F,US71880K1016,—
3A9.SG,,—
3AD1.F,SE0015658109,—
3AM.F,None,USA
3BX.F,US10316T1043,USA
3BY3.SG,NL0010776944,Netherlands
3C1.F,FR0011648716,—
3C3.F,US49428J1097,—
3CA.F,SE0008014476,—
3CJ.F,PLCRPJR00019,—
3CN.F,,—
3CP.F,KYG9830T1067,China
FOO.DE,US79466L3024,USA
3D6.F,KYG0567U1278,—
3E0.F,None,—
3E1.DE,,—
3E2.F,US29786A1060,USA
3E4.F,CA2929491041,—
3E7.F,US30034W1062,USA
3EC.F,IE00B8KQN827,USA
3FB.F,SE0003849223,—
3FF.F,US36116M1062,—
3FO.F,CA3518581051,Canada
3G0.F,US02155H2004,USA
3GA.F,,—
3GD.SG,FR0000035164,—
3HD.F,,—
3HH.F,US16679L1098,—
3HM.DE,None,USA
3HY.DE,,—
3I0.SG,,—
3I5.F,US35905A1097,—
3I6.F,FI4000519236,—
3IC.F,FR0000035081,France
3IW.F,BMG491BT1088,USA
3K2.F,IT0004496029,—
3KO.F,US50050N1037,—
3L3.F,US87357P1003,—
3L50.F,CA53229C1077,—
3L7A.F,US74758T3032,USA
3LN.DE,,USA
3LO.F,US73931J1097,—
3O40.F,BMG611881274,—
3O8.F,US6821431029,—
3OY1.SG,IT0004931058,—
3P7.DE,,Denmark
3PC.F,NL0013995087,—
3PK.F,US92645B1035,—
3PL.F,US72703H1014,USA
3PY3.F,CA35905B1076,—
3QD.DE,None,USA
3RB0.F,,—
3RCA.F,US76680R2067,USA
3RL.F,US0116421050,—
3S9.DE,,USA
3SX.F,NO0010816895,—
3T4.F,US88076W1036,USA
3TY.F,US88830R1014,—
3U6.F,US9026811052,USA
3U8.F,CA26142Q3044,—
3UB.DE,,—
3UE.F,US91704F1049,—
3UF.F,IE00BKYC3F77,—
3UN0.SG,,—
3UX.F,None,—
3V64.DE,US92826C8394,USA
3VG.F,FR0013286259,—
3VU.F,US14316J1088,—
3WG.F,FR0010131409,—
3Y0.F,CA89679M1041,—
3YL.F,NO0011012502,—
3YZ.F,NL00150006R6,—
3ZT.F,US76171L1061,—
41I.F,US04013V1089,—
41L.F,ES0157261019,—
41X.F,US0396971071,—
42S.F,US1010441053,—
42Z.F,US76155X1000,—
43C.F,US1272031071,—
43D.F,US2372661015,USA
43Z.F,US80810D1037,—
44C1.F,CA17878Y2078,—
44Y.F,US30212W1009,—
45C.F,US22788C1053,USA
45R0.SG,,—
45T.F,US44951W1062,—
45U0.SG,,—
46K.F,US46266A1097,—
46T.SG,AU000000GPT8,Australia
47O.F,US9288811014,—
47Q.DE,,Canada
47R.F,US98980B1035,—
483.F,,—
485B.F,AU000000AMC4,—
487.F,US2256551092,—
48D.F,None,—
48H.F,US45569U1016,—
48K.F,CZ0009000121,—
49F.SG,None,—
49J.F,,—
49Q.F,,—
49V.F,US92537N1081,—
4A3.F,NL0015285941,—
4AB.F,US00287Y1091,USA
4AJ0.F,DK0061802139,—
4BE.F,IT0000066123,Italy
4BV.SG,FR0006174348,France
4BY.F,HK0285041858,—
BY6.F,CNE100000296,China
4C0.F,US2067871036,—
4CU.F,US15643U1043,—
4DH.F,US2358252052,USA
4DN.F,US24823R1059,—
4E2.F,None,—
4F1.F,ES0137650018,—
4F31.F,US3462321015,USA
4FAP.F,MHY8162K2046,—
4GC.F,US6378701063,—
4H3A.F,SE0009997018,—
4HE0.F,,—
4HM.F,FR0000031775,France
4HU.F,,—
4I1.DU,None,USA
4IH.F,KYG4740B1059,—
4IIA.F,SE0017483506,—
4IT.F,,—
4IV.F,US46187W1071,—
4J2.SG,US48020Q1076,USA
4JB.F,KYG4701H1092,—
4JMA.F,US48138M1053,—
4K8.F,FI4000206750,—
4KB.F,US5011471027,—
4LG.F,CH0371153492,Switzerland
4LL.SG,US87918A1051,USA
4LN2.F,US14070B3096,—
4LT1.DE,,USA
4M2B.F,SE0005034550,—
4M7A.F,CA5589122004,—
4MD.F,US25400W1027,USA
4MGN.F,US57667L1070,USA
4MI.F,US55305B1017,USA
4MNA.F,US6033802058,—
4NK.F,NO0010856511,—
4OQ1.F,US00123Q1040,—
4P0.F,US03783C1009,—
4PG.F,US68902V1070,USA
4Q01.F,US7813863054,—
4QK.F,US1920051067,—
4QT1.F,SE0007074281,Sweden
4RB.F,US0953061068,—
4RE.F,ES0173358039,—
4RH.F,US78377T1079,—
4RO.F,CA7766521099,—
4RX0.F,US98983L1089,—
4RY.F,KYG0146B1032,—
4S0.DE,None,USA
4SB.F,US78410G1040,USA
4SK.F,HK3808041546,—
4SP.F,FR0012757854,France
4T0.DE,,USA
4TZ.F,US68622P1093,—
4U4.F,KYG5340S1093,—
4V1.F,BE0003878957,Belgien
4VK.F,IE00BLP1HW54,Irland
4W9.F,NO0010840507,—
4X0.DE,AT0000A3FW25,—
4XB.F,CA98400H1029,—
4XC1.DE,,—
4XY.DE,,—
4Y4.F,FR0013345493,—
4YJ0.F,CA84678A5089,—
4ZG.F,FR0011049824,—
4ZL.F,None,—
4ZM.F,,—
4ZT0.F,NO0012555459,—
50BA.F,US0887861088,—
50R.F,NO0010829765,—
51J.SG,,—
51L.F,US50186A1088,—
526.F,US60937P1066,USA
52C.F,FR0013341781,—
52K.F,NO0010876642,—
52SA.F,SE0016609499,—
53U.F,CA02215R1073,—
541.F,US00090Q1031,—
547A.F,DK0060946788,Denmark
54E.F,US03957W1062,USA
54F.F,ES0136463017,—
55H0.DE,,—
55I0.F,US60471A1016,—
55O1.SG,US03761U5020,USA
56X.F,US92538J1060,—
5711.F,US03676B1026,—
57L.MU,,—
57T.F,JP3977200009,—
58I1.F,US46121Y2019,USA
58R.F,US43114Q1058,—
59P.F,US70202L1026,—
59Z.F,JP3268950007,—
OFK.F,FI0009014377,Finland
5AX.F,,—
5BG.F,CA11777Q2099,Canada
5BP.F,ES0105563003,—
5BU0.F,US98955N2071,—
5D4.F,US25960R1059,—
5E2.F,None,—
5E6.F,,—
5EA.F,US28414H1032,USA
5EP.F,US54572F1012,—
5F6.F,JP3409800004,—
5FG.F,GB00BYW6GV68,—
5GD.F,US45687V1061,USA
5GH.F,US40131M1099,—
5H1.F,FR001400JWR8,—
5IA.F,JP3471000004,—
5ILA.F,US4516222035,—
5IX.F,,—
5KH.F,US92847W1036,—
5LF.F,,—
5M0B.F,SE0009778848,—
5MO.SG,,—
5MU.F,US68247W1099,—
5NQ.F,NO0010872468,—
5OV0.F,CA8465011044,—
5P1.SG,ES0170884417,—
5PT.F,US74275K1088,—
5Q5.F,US8334451098,USA
5Q8.F,US74874Q1004,USA
5QG.F,CA64440N1033,—
5QQ.F,US85859N3008,—
5QZ0.SG,,—
5R01.F,,—
5RO.F,FR0013344173,—
5U2.F,JP3311490001,—
5VA.F,US92243G1085,—
5WC.F,US18538R1032,USA
5WD.F,US93148P1021,—
5WK0.F,US01626L2043,—
5XU.F,CA89055A2039,—
5YM.F,US60510V1089,—
5ZM.F,US98980L1017,USA
60A.DE,,Irland
60N.F,DK0060952919,—
60W.F,US74275G1076,—
61MA.F,SE0009160872,—
61P.F,US69888T2078,—
61W.F,US29249E1091,—
62M.F,CA59162N1096,Canada
639.DE,LU1778762911,Luxembourg
63G.F,,—
64B.DE,,—
64N.SG,,—
65C.F,FR0010667147,France
669.F,LU2290522684,Luxembourg
66T.SG,NO0010715139,Norway
68F.F,NL0014559478,Netherlands
68H.F,IT0005412504,—
68M.F,US57686G1058,USA
68V.SG,US05722G1004,USA
69Q.F,,—
6A3A.F,US05280R1005,—
6AA0.F,SE0011337708,—
6B0.F,US83406F1021,—
6BD0.F,CA0565331026,—
6BF.SG,FO0000000179,—
6BP0.F,CA8959801009,—
6BW.F,BMG0702P1086,—
6C1.F,US23284F1057,—
6C2.F,US22041X1028,USA
6CL.F,US25401T6038,—
6CP.F,,—
6D81.F,US26614N1028,USA
6DA.DE,,—
6DU.F,US26443V1017,—
6EQ.F,SE0012853455,—
6F1.F,US33829M1018,USA
6FE0.F,US83001C1080,—
6FHA.F,US36118L1061,—
6GE.F,US3722842081,—
6GI.F,IM00B5VQMV65,—
6GJ.DE,,—
6HV1.F,US76200L3096,—
6I4.F,NO0010713936,—
6IO.F,US45780L1044,—
6IVA.F,US46124U1079,—
6IY.F,US85256A1097,—
6JR.F,US8722801029,—
6JS.SG,,—
6KP.F,FR0000033243,—
6L8.F,US74587B1017,—
6LA.F,US5128161099,USA
6LD1.F,US8166452040,—
6MA.F,SE0009663826,—
6MK.DE,US58933Y1055,USA
6ML0.F,US60853G1067,Switzerland
6N5.F,SE0010832204,—
6NA.SG,,—
6NCA.F,US63947X1019,—
6NEA.F,AU0000159329,—
6OM.SG,US6907321029,USA
6OVA.F,CA92847V5018,—
6PP.F,US72147K1088,—
6PU.SG,US74624M1027,USA
6Q40.F,,—
6Q81.F,US2935941078,—
6R9.F,,—
6RJ0.DE,,—
6RL.F,CH0002178181,Switzerland
6RR.F,US88339P1012,USA
6T6.F,FR0014003U94,—
6TF0.SG,,—
6TS.F,US29430C1027,—
6V5.DE,,—
6VH.F,US35243J1016,—
6VO.DE,,—
6VY.F,US87652V1098,—
6W7.F,IT0005241192,—
6XV.F,US88556E1029,—
6YE.F,DK0060726743,—
6YG.F,US45258D1054,—
6YK0.F,US30320C3016,—
6Z1.DE,None,USA
6Z4.F,US22663K1079,—
6Z8.MU,,—
6ZZ.F,SE0020848356,—
700.HM,,—
703.F,NL0012817175,Netherlands
71Y.F,US8887871080,—
724.DE,None,—
72R.F,US9037311076,—
735.F,KYG7170M1033,—
73GN.F,CA8910546032,Canada
74Z.F,FR0011365907,—
752.F,ES0105848008,—
75V.F,FR0000053043,—
76L.SG,,—
76N.F,SG9999012629,—
77F.F,,—
788.F,US22266T1097,—
78W.F,FI4000511506,—
78Y.F,FR0004023208,—
791.SG,,—
7A2.F,HK0000069689,Hongkong
7A6.DE,,USA
7AA.F,LU0569974404,Luxembourg
7AT.F,SE0007666110,—
7B1.F,SE0010948588,—
7CA.F,SE0007692850,—
7CI.F,CA22717L1013,Canada
7CY.SG,,—
7DB.DE,,USA
7DF.F,US3580541049,—
7DG.MU,None,USA
7DY.F,,—
7EJ.F,NO0010768096,—
7EL.F,FR0012435121,France
7EVB.F,SE0007075056,—
7EX.F,CA29269R1055,Canada
7F0.F,US3596641098,—
7FA0.F,US50125G3074,—
7FP.DE,,—
7GA.F,ES0105223004,—
7GZ.F,CA88646L1085,—
7H6.F,SE0016843809,—
7J70.F,,—
7JK.F,SE0005497732,—
7K6.F,,—
7KN.F,,—
7LB.F,BE0003604155,Belgien
7M1.F,SE0009216278,—
7M20.SG,,—
7NV.F,US63845R1077,—
7OK.F,MHY641771016,—
7P2.F,GG00BPFJTF46,—
7PI.SG,IT0003796171,Italy
7PV.F,None,—
7QD.F,US18914F1030,—
7QG.F,FR0010202606,—
7R8.F,US76029N1063,—
7RM.F,,—
7SP.F,FR0000061137,France
7T2.F,US87484T1088,USA
7T4.F,IT0005037210,—
7U7.F,FR0014005HJ9,—
7UB.F,ES0180907000,—
7US.F,,—
7VR.DE,,—
7VS.F,SE0007871363,—
7W71.SG,,—
7XC.SG,,—
7XU.F,US50155Q1004,—
7XY.F,SE0015988167,—
7ZD.DE,,—
801.F,,—
80Q.F,US98459U1034,—
80T.F,FR0000061459,France
813.F,US00108J1097,—
81N.F,SE0015659834,—
82P.F,US6951271005,—
830.F,FR0004174233,—
83A.F,SE0015195771,—
83PN.F,CA9191444020,—
847.F,IE00BKVD2N49,Irland
852.F,US69002R1032,—
855.F,US91680M1071,USA
85E.DE,,—
85H1.DE,,—
85S.F,US8086251076,USA
86P.F,NO0010895782,—
871.F,FR0010481960,France
87E.DE,,—
87N.MU,,—
87S.F,BMG762791017,—
889.F,JP3548660004,—
88E.F,US7069151055,—
88F.F,,—
88L.F,US8713321029,—
89C.DE,,—
8A0.F,US0021211018,USA
8AHB.F,US05278C1071,—
8AK.DE,,—
8AP.F,US00847X1046,USA
8AT.F,US00461U1051,—
8BJ.DE,,—
8BU.F,IT0004764699,Italy
8C5.SG,US19249H1032,—
8CF.F,US18915M1071,USA
8EM.F,US28106W1036,USA
8EQ.F,US23285D1090,—
8FR.F,US9264001028,USA
8FS.MU,,Belgien
8GB.F,CA3748252069,—
8GC.SG,JE00B4T3BW64,Great Britain
8GM.DE,,USA
8H0.F,CH1110760852,—
8H1.F,CA4488112083,—
8HH.F,US05350V1061,—
8I2.F,ES0105546008,—
8IF1.F,CA45868C1095,Canada
8IG.SG,IT0001078911,—
8II.F,US72815L1070,—
8JF.SG,,—
8JI.F,CA44955L1067,—
8JM.F,FR0004186856,France
8JN.F,US48553T1060,—
8JO1.F,SE0021628898,—
8JQ.F,FI4000507124,—
8K2.F,None,—
8KO.F,CA74349D1069,—
8KR.F,US48251K1007,—
8L8C.F,US5303073051,USA
8LCA.F,US52603A2087,USA
8NE.F,US1280583022,—
8OE.F,VGG794831062,—
8OZ.SG,,—
8PV.SG,,—
8QA.F,SE0016074249,—
8QB0.F,US22948Q1013,—
8QJ.F,US57142B1044,—
8QP.F,US3165001070,—
8QQ.F,CA00288U1066,—
8RC.F,CA00208D4084,Canada
8RJ.F,CH1101098163,Switzerland
8S30.F,,—
8SF.F,NL0000817179,Netherlands
8SO.F,US83570H1086,USA
8SX0.F,CA09570Q1037,—
8T8.F,US89377M1099,—
8TC.F,US09259E1082,—
8TI.MU,None,Netherlands
8TQ.SG,,—
8TRA.DE,DE000TRAT0N7,Germany
8TY0.F,,—
8W3.F,,—
8XC0.F,,—
8XP.F,KYG982AW1003,—
8Z4.F,FR0004045847,—
8ZI.F,DK0060696300,—
8ZQ.SG,,—
90B.F,CH1125843347,—
90E.F,US22266M1045,—
910.F,US03782L1017,—
918.F,US82536T1079,—
91A.DE,,—
91D.DE,,—
92K.F,CA4991131083,—
9301.F,,—
938.F,SE0003756758,—
93N.F,US36262G1013,USA
940.F,FR0014008VX5,—
960.F,US00773T1016,—
96S.F,US8585861003,USA
978.F,US0053291078,—
97S.F,CA85853F1053,—
98K.F,US3580101067,—
98M.F,US5535301064,USA
98P.F,US69349H1077,USA
98W.F,,—
99C.F,IT0005003782,—
9A1.F,US03762U1051,—
9A2.SG,US04010L1035,—
9AS.F,,Switzerland
9AX.F,BMG0750C1082,Bermudan Islands
9AY.F,US04271T1007,USA
9B4.F,FR0004187367,—
9BFA.F,GG00BMGYLN96,—
9CF.F,US1999081045,USA
9CI0.F,US22113B1035,—
9E2.F,None,—
9EE.F,SE0002480442,—
9EH.F,US30050B1017,—
9EN.F,NL00150005Y4,—
9EP.F,US29251M1062,—
9F7.F,US8964423086,—
9FM.F,FR0000060303,France
9FZ.F,SE0016829709,—
9HA.F,US28657F1030,—
O8R.MU,,—
9IRA.SG,US11161T2078,—
9J3.F,,—
9J7.F,NO0011002586,—
9JD.F,GB00BM8Q5M07,—
9JL.DU,,—
9LB.F,US52490G1022,—
9LH.F,FR0012821916,—
9MIB.F,CA7142661031,—
9MW.SG,,USA
9NF.F,CA62910L1022,—
9O1.F,GRS536003007,—
9OI.F,,Switzerland
9P4.F,FR0004016699,—
BL8.F,US0584981064,USA
9PC.F,IT0005440893,—
9PDA.SG,US7223041028,Cayman Islands
9PT.F,US7291391057,—
9QP.F,NO0010974983,—
9RS.F,FR0004180578,France
9SH.F,US8190471016,—
9SI.F,US8542311076,USA
9TA1.F,CA87505Y4094,—
9TF.F,CA87241L1094,—
9U8.F,,—
9UA.F,CA64082X2032,—
9UV.F,US90364P1057,—
9VP.F,FR0000062796,—
9X8.F,FR0010214064,—
9YM.F,US50101L1061,—
9ZX0.F,US67421J2078,—
9ZY.F,CA0156581070,—
A16.F,NL0011872643,—
A19.F,JP3116700000,—
A1C0.SG,,—
A1G.DE,,USA
A1Q.F,,—
A2P.F,CA2174131037,—
A2X.F,US0003041052,—
A35.F,US3131483063,—
A39.F,SE0010468116,—
A3B.F,US00081T1088,—
A3I.F,US03071H1005,—
A441.DE,,—
A4N4.F,US7311054099,—
A531.F,VGG069731120,—
A58.DE,,USA
A59.F,US03823U1025,—
A5G.F,IE00BF0L3536,—
A61.F,MHY0207T1001,—
A6N.F,US04342Y1047,—
A6W.SG,,USA
A710.SG,,—
A781.F,CA8520662088,—
A83.DE,,—
A89.F,FR0011184241,France
A8B.F,KYG037AX1015,—
A8E.DE,,—
A980.F,CA28620K1066,—
AA9.F,SE0000695876,Sweden
AACA.SG,NL0000852564,Netherlands
AAG.DE,DE000A2DAM03,Germany
AAO.DE,,—
AB2A.F,US00080Q1058,Netherlands
AB3A.F,US8036071004,USA
AB4.F,US0009571003,USA
ABEC.F,US02079K1079,USA
ABE0.SG,,—
ABG.F,US03073E1055,USA
ABR0.DE,None,—
ABS2.DE,AT0000609607,Austria
AC1.F,US0464331083,—
ACD.F,LU0584671464,—
ACE1.F,ES0132105018,Spain
ACJ.F,PTALT0AE0002,Portugal
ACO4.F,SE0017486889,—
ACR.F,FR0000120404,France
ACT.DE,DE000A2YNT30,Germany
ADB.SG,US00724F1012,USA
ADE.DE,DE000A1TNV91,Germany
ADG.F,NL0000888691,Netherlands
ADH2.F,CA0089118776,Canada
ADM.SG,US0394831020,USA
ADP.F,US0530151036,USA
ADS.DE,DE000A1EWWW0,Germany
ADV.DE,DE0005103006,Germany
AE4.F,US0236081024,USA
AE9.F,CA0084741085,Canada
AEC1.DE,US0258161092,USA
AEO.F,US0495601058,USA
AES.F,US00130H1059,USA
AEU.DE,,Italy
AEX.F,CH0044328745,Switzerland
AF8.F,NO0003078107,—
AFG.DE,,USA
AFL.F,US0010551028,USA
AFS.F,US0082521081,USA
AFT.F,US0028962076,USA
AFW.MU,,USA
AG1.DE,DE000A2LQ884,Germany
AGB2.F,AT000AGRANA3,Austria
AGH.F,US01748X1028,USA
AGJ.F,US0010841023,USA
AHV.F,US00246W1036,—
AI3A.DE,None,Spain
AI7.F,US0024741045,USA
AIL.MU,None,France
AINN.F,US0268747849,USA
AIR.DE,NL0000235190,Netherlands
AIXA.DE,DE000A0WMPJ6,Germany
AJ3.SG,ES0125220311,Spain
AJY.SG,,—
AK1.F,US0311001004,USA
AK3.F,US00971T1016,USA
AKA.F,FI4000123195,—
AKG.F,US0341641035,USA
AKU1.DE,,Netherlands
ALD.DE,US4385161066,USA
ALE.SG,JP3126400005,—
ALK.F,US0116591092,USA
ALS.DE,,USA
ALV.DE,DE0008404005,Germany
ALZC.SG,SE0007100581,Sweden
AMC.MU,,USA
AMD.F,US0079031078,USA
AMG.F,US0311621009,USA
AMK.DE,,USA
AMS1.F,US0301112076,—
AMV0.DE,DE000AUM0V10,—
AMZ.DE,US0231351067,USA
AN6.F,US0327241065,—
AND.F,US00181T1079,—
ANI.DE,None,France
ANL.DE,,USA
ANP.F,US0375981091,USA
ANU.F,,—
ANWA.F,US45254U1016,—
AOA.F,US0476491081,—
AOC.F,CNE1000001T8,China
AOMD.F,FR0010220475,France
AOO.F,BE0003851681,Belgien
AOR.SG,ES0165386014,Spain
AOS.F,GB0022569080,—
AOY.F,BMG6331P1041,—
AP2.DE,US0382221051,USA
AP4N.F,US7672921050,—
AP7.F,US18482P1030,—
APC.SG,US0378331005,USA
APE1.F,US00654J2069,—
APL.F,US0207721095,—
AQ3.F,CA0213611001,Canada
AQ8.SG,US00508Y1029,USA
AQY.F,US03937C1053,USA
ARC.F,NO0010345853,Norway
ARRD.DU,,Luxembourg
ARRJ.F,US03938L2034,—
ARW.F,US0427351004,USA
ARZ.F,US0003611052,USA
AS3.F,US0323325045,USA
AS4.MU,None,Portugal
AS5.DE,,—
ASF.F,US45778Q1076,USA
ASME.DE,NL0010273215,Netherlands
AT1.DE,LU1673108939,Luxembourg
AT4.DE,,USA
ATD.F,US01741R1023,USA
ATQP.F,US92346J1088,—
AUD.DE,,USA
AUS.F,AT0000969985,Austria
AV3.F,US0536111091,USA
AV6.F,US05379B1070,USA
AVG.DE,,USA
AVX.DE,,USA
AWC.F,AU000000AWC3,USA
AWG.F,US0434361046,USA
AWM.DE,,USA
AWN.F,US00751Y1064,USA
AXA.DE,FR0000120628,France
AXF1.F,ES0121975009,—
AXI1.F,FR001400X2S4,—
AXJ.F,US29452E1010,—
AXNA.SG,IT0004056880,—
AXV.F,BMG0692U1099,—
AY1.F,US0188021085,USA
AY7A.SG,KYG0535Q1331,—
AYB.F,US00760J1088,—
AYJ.F,FR0004056851,France
AZ2.DE,AT0000730007,Austria
AZ4N.F,CH0008837566,Switzerland
AZ5.F,US0533321024,USA
AZK0.F,US42806J7000,—
AZU.F,ES0112501012,Spain
B0F.F,SE0009806284,—
B0Z.SG,,—
B1B.F,ES0105777017,—
B1C.F,US0567521085,China
B1F.DE,,USA
B1Q.F,US6294442099,—
B1V1.F,,Switzerland
B1X.DE,,—
B2W.F,BMG1466R1732,—
B3H.F,CA09950M3003,—
B3K.SG,BE0003764785,Belgien
B3O.F,BMG657731060,—
B4F.F,NL0011872650,Netherlands
B4M1.F,NO0010631567,—
B6E.F,SE0000872095,Sweden
B7A.F,IT0001031084,Italy
B7U.F,CA36352H1001,—
B81.F,US8726571016,—
B8S.F,,—
B9A.F,SE0010323311,—
B9W.F,,Switzerland
BA3.F,US1143401024,USA
BAC.DE,US92343V1044,USA
BAK.F,US0664603042,Spain
BAQ.F,FR0000063737,France
BAS.DE,DE000BASF111,Germany
BAYN.DE,DE000BAY0017,Germany
BB1.F,US0684631080,—
BB4.F,US05465C1009,—
BBDC.F,CA0977518616,—
BBN1.F,US09260D1072,—
BBZA.SG,,Switzerland
BC0.F,US09739D1000,—
BC1P.F,BE0974362940,Belgien
BC8.DE,DE0005158703,Germany
BCE1.F,CA05534B7604,Canada
BCJ.F,IT0001033700,—
BCLN.F,,Switzerland
BCO.MU,None,USA
BCV.F,US1266001056,USA
BCY.F,GB0031348658,Great Britain
BDO.F,US18270P1093,—
BDSB.DE,,Spain
BDT.DE,DE0005232805,Germany
BDU.F,FR0000063935,France
BE4A.F,US07556Q8814,—
BEI.DE,DE0005200000,Germany
BEM.F,US5766901012,USA
BEW.F,CA2553311002,—
BF5A.F,US1156371007,USA
BFSA.DE,LU1704650164,Luxembourg
BGJ.F,FR0000120107,France
BGLA.SG,,—
BGW.F,US0997241064,USA
BH3.DE,,—
BHA.DE,,—
BHI.F,US0921131092,USA
BHJC.F,SE0009921588,—
BHP.SG,US0886061086,Australia
BIC.F,US05581M4042,—
BIF.F,FR0000120966,France
BIJ.DE,DE0005229504,Germany
BIV.F,,—
BJX1.F,US09062W2044,—
BK2.F,US1184401065,USA
BKD.F,US1167941087,—
BKHT.DE,DE000A2GSU42,Germany
BKJ.F,US1096411004,USA
BKMA.F,CH0212255803,Switzerland
BL9B.F,US0576652004,USA
BM8.F,US09061G1013,USA
BMT.SG,GB0002875804,Great Britain
BMU.F,US08160H1014,USA
BMW.DE,DE0005190003,Germany
BMW3.DE,DE0005190037,Germany
BNF.F,SE0000862997,Sweden
BNK.F,US09227Q1004,USA
BNR.DE,DE000A1DAHH0,Germany
BNU.F,US06652K1034,—
BO1.F,US09058V1035,USA
BO4.F,NO0010657505,—
BO5.DE,,USA
BO8.F,US06417N1037,USA
BO9.SG,US1011211018,USA
BOA.F,HK0023000190,Hongkong
BOF.SG,HK2388011192,Hongkong
BOK.F,SE0009888738,—
BOO.F,US0942351083,USA
BOP.F,FR0000039299,France
BOSS.DE,DE000A1PHFF7,Germany
BOV.F,US03837C1062,—
BOX.F,US0758871091,USA
BOY.DE,ES0113211835,Spain
BP2A.SG,,—
BPM.MU,,Italy
BR30.F,CA6544846091,—
BRYN.F,US0846707026,USA
BROC.F,US10922N1037,—
BRP.F,US1295001044,USA
BRU.F,PLBRE0000012,Polen
BRZ0.F,SE0015949748,—
BS81.DE,,—
BSD.F,,Spain
BSFA.F,,—
BSL.DE,DE0005102008,Germany
BSN.SG,FR0000120644,France
BT3.F,US53566P1093,—
BTL.F,US0718131099,USA
BTW.F,US1152361010,USA
BUHA.F,CH0002432174,Switzerland
BUI.F,US1220171060,—
BUOB.F,DK0010218429,—
BUW.F,US0905721082,USA
BUY.F,US0865161014,USA
BV0.F,SE0007491303,—
BV3.DU,,—
BV4.F,NO0010360266,—
BVB.DE,DE0005493092,Germany
BW3.F,GB0009697037,Great Britain
BW9.F,BMG173841013,—
BWB.DE,DE0005088108,Germany
BWI.F,US1170431092,USA
BWJ.SG,,—
BX7.F,BE0003810273,Belgien
BYG.F,FR0000120503,France
BYNN.F,FR0013269123,France
BZ1.F,FR0000074148,—
BZ3.SG,,—
BZ4.F,IE000IVNQZ81,—
BZ9.F,US0995021062,—
C15.F,CA2918434077,Canada
C17.F,US2210151005,—
C1C1.SG,,—
C1P.F,KYG2524A1031,—
C2H.F,PAP310761054,—
C4G0.F,US16954L1052,—
C520.F,US1940145022,—
C57.SG,,—
C61.DU,,Canada
C6F.F,DK0060030286,—
C6G.MU,None,China
C6K0.F,US05338F3064,—
C6V.F,CA4220961078,—
C7A0.F,None,—
C7C1.F,US18453H1068,—
C7G.F,CA4495861060,Canada
C7N.F,US2270461096,USA
C7T.F,PTCTT0AM0001,Portugal
C83.F,US13462K1097,—
C9F.DE,,USA
C9N0.F,US8589271068,—
C9X0.DE,,—
CA68405H1001.SG,,—
CA8A.F,US1271903049,USA
CAD.F,ES0105630315,Spain
CAO.F,US2058871029,USA
CAR.MU,FR0000120172,France
CAT1.DE,US1491231015,USA
CBE.F,FR0000039620,—
CBGB.F,DK0010181759,Denmark
CBHD.F,DK0060448595,Denmark
CBK.DE,DE000CBK1001,Germany
CBO0.F,,—
CBT.F,US1270551013,USA
CC3.F,US14808P1093,—
CC5.F,US1910981026,—
CCC3.DE,US1912161007,USA
CCT.F,US1565043007,—
CDM1.F,US1921085049,USA
CDS.DE,,USA
CDW.F,US12514G1085,USA
CE1.F,US71363P1066,USA
CE9.F,CA1247651088,Canada
CEC.DE,DE0007257503,Germany
CEZ.F,CZ0005112300,Czech Republic
CF2.F,US1630721017,USA
CFJA.DU,,—
CFJ.F,US1567761069,—
CFZ.DE,,USA
CG5.F,US2036681086,USA
CGD.DE,,USA
CGM.F,FR0000125338,France
CGN.SG,US1255231003,USA
CGZ.F,US1924221039,USA
CH1A.F,US12541W2098,USA
CH2.F,US5494982029,—
CH6.F,US1844961078,USA
CHO.F,BMG243851091,—
CHQ1.MU,None,—
CHR.DE,,USA
CHV.DE,US1667641005,USA
CHY.F,DK0060055861,—
CIE1.DE,,USA
CIH.F,CA3180714048,Canada
CIS.DE,US17275R1023,USA
CIT.DE,,USA
CJ1.F,FR0010688242,—
CJ2.F,DK0060854669,—
CJ6.F,CA13321L1085,Canada
CJ8A.F,CA14179V5036,—
CJA1.F,CA01626P1484,—
CJVA.F,,—
CK0.SG,GB00BDCPN049,Great Britain
CK3.F,US14575E1055,—
CKR.DU,,—
CKX.F,US2290503075,—
CL2.F,JP3311400000,—
CLE.DE,,USA
CLH.F,US14149Y1082,USA
CLIQ.DE,DE000A35JS40,—
CLRN.MU,None,Switzerland
CM2.F,US1280302027,USA
CM8.F,US20451N1019,USA
CM9.DE,,USA
CMAB.F,ES0124244E34,Spain
CMS.F,US2017231034,USA
CMZ.F,IL0010952641,—
CN2.F,US14888U1016,—
CN7.F,US1491501045,USA
CNH.F,US1261171003,—
CNP.DE,,USA
CO3A.SG,US2220702037,USA
CO6.SG,US2172041061,USA
CO8.F,US20602D1019,—
COF.F,BE0003593044,Belgien
COK.DE,DE0005419105,Germany
CON.DE,DE0005439004,Germany
COS.F,US12621E1038,USA
COY.DE,,USA
COZ.F,US1924461023,USA
CP5.F,US1689051076,USA
CPA.HM,None,USA
CPIA.F,US16965P2020,—
CPZ1.F,US2227955026,—
CQD.DE,,USA
CQY.F,US21044C1071,—
CR6.F,,—
CRG.SG,IE0001827041,—
CRIN.F,IT0005239360,Italy
CRIP.SG,,—
CRLN.F,CH0008702190,Switzerland
CRS1.SG,ES0125140A14,—
CRU.F,US1727551004,USA
CS1.DE,,—
CS7.F,JP3305530002,—
CSA.F,IE00B4BNMY34,Irland
CSC.DE,,USA
CSF.F,FR0000121329,France
CSG.SG,US1258961002,USA
CSUA.F,NL0010583399,Netherlands
CT2.F,FR0000036675,—
CTO.DE,,USA
CTP2.DE,US20030N1019,USA
CTV.F,US42330P1075,USA
CTW0.F,CA15101Q2071,—
CU2.F,LU1681042864,USA
CU3.F,US1925761066,USA
CUCA.F,US0537741052,USA
CUM.DE,,USA
CUW.F,US1985161066,—
CUX1.F,FR0010828137,France
CV0.F,US1468691027,USA
CVA.F,US1858991011,USA
CVC1.SG,PA1436583006,—
CVS.DU,None,USA
CVZ.F,CA9237251058,Canada
CW2.F,KYG237731073,Cayman Islands
CW3.F,FR001400TL40,—
CWN.F,US2283681060,—
CWT.F,US2315611010,USA
CX0.F,CA1724541000,—
CX91.F,US2057683029,USA
CXA.F,US13100M5094,USA
CXD.F,CA15135U1093,Canada
CXGH.SG,CNE100000PP1,—
CXM.DE,,USA
CXR.DU,None,USA
CXU.DE,,USA
CXX.F,US1890541097,USA
CY2.F,CA1363751027,Canada
CY9D.F,US59503A2042,—
CYL.F,US2289031005,USA
CYTH.F,US5502411037,USA
CZ2.SG,US6374171063,USA
CZH.F,US1699051066,—
D00.F,SE0007691613,—
D1NC.F,NO0010161896,Norway
D21.SG,,—
D2G.DE,DK0060094928,Denmark
D2J.F,,Switzerland
D2MN.DE,,USA
D41.F,,—
D51.F,US07831C1036,—
D55.F,US57638P1049,—
D630.F,,—
D69.SG,DK0060083210,—
D6H0.F,,—
D6I.DE,,USA
D6N0.SG,,—
D8EN.F,MHY2065G1219,—
D8K.F,US25960P1093,—
D8Y.F,,—
D9C.F,FI4000513593,—
D9W.F,US2505651081,USA
D9Z.SG,ES0119037010,—
DA3.F,US2342641097,USA
DAP.DE,US2358511028,USA
DAS0.F,,—
DAU0.F,FR0014004L86,France
DB0.F,US7469641051,—
DB1.DE,DE0005810055,Germany
DBAN.DE,DE000A1TNUT7,Germany
DBDB.F,US2536512021,—
DBK.DE,DE0005140008,Germany
DC2.F,CA2499061083,Canada
DC4.MU,None,USA
DCA.F,IT0001207098,Italy
DCO.DE,US2441991054,USA
DCS0.F,US47215K1079,France
DD2.F,US25809K1051,—
DDN.F,US2371941053,USA
DDQ.F,US2545431015,USA
DEF.DE,DE000A13SUL5,Germany
DEH.F,US24665A1034,USA
DEQ.DE,DE0007480204,Germany
DEZ.DE,DE0006305006,Germany
DG3.DE,,USA
DGI.F,US2537981027,USA
DGY.SG,US2333311072,USA
DHER.DE,DE000A2E4K43,Germany
DHL.DE,DE0005552004,Germany
DHR.F,US05508R1068,USA
DI60.F,ES0126775008,—
DIL1.F,US92552R4065,USA
DIO.DE,None,France
DL7A.F,US2540671011,USA
DL8.F,US2480191012,USA
DLN.F,IT0003115950,Italy
DM5.F,US23291C1036,—
DMP.DE,DE000A2GS5D8,Germany
DNQA.F,US29446M1027,Norway
DNZ.F,US2576511099,USA
DO2.DE,,USA
DOU.DE,DE000BEAU7Y1,—
DOV.F,US2600031080,USA
DP4B.SG,DK0010244508,Denmark
DP5.SG,US49271V1008,USA
DP9.F,GB0001826634,Great Britain
DPU1.F,,—
DQW.F,AT0000A3EPA4,—
DR0.DE,DE000A0XYG76,Germany
DR3.F,CA25675T1075,Canada
DR6.F,US0042251084,USA
DRW3.DE,DE0005550636,Germany
DRW8.DE,DE0005550602,Germany
DS2.F,MHY673051543,—
DS3.F,US2561631068,USA
DS4.F,,—
DS5.F,CH0126673539,Switzerland
DSG.DE,,USA
DST.F,SE0007439443,—
DSYA.F,FR0014003TT8,France
DSZ.F,MHY2066G1044,—
DT3.DE,,USA
DTE.DE,DE0005557508,Germany
DTG.DE,DE000DTR0CK8,Germany
DTUR.F,US90291C2017,—
DUE.DE,DE0005565204,Germany
DUL.DE,,—
DUM.F,US2641471097,—
DUT.F,US6153691059,USA
DV3R.F,US24661P8077,—
DVW1.F,MHY1968P1218,—
DW3.F,,—
DW51.F,US00770K2024,—
DWNI.DE,DE000A0HN5C6,Germany
DWS.DE,DE000DWS1007,Germany
DX7.F,US2333774071,—
DY2.F,US24906P1093,USA
DY6.F,US25179M1036,USA
DYH.F,US87612E1064,USA
DYI.DE,,USA
DYT1.F,US26817Q8868,—
E0B.F,CA2960061091,—
E0P.DE,None,USA
E20.DE,,USA
E2H.SG,,USA
E2S.F,,Switzerland
E2Z.F,ES0157097017,Spain
E3G.F,US30051E1047,—
E3M.F,US29414B1044,—
E3X1.SG,US30212P3038,USA
E4S.SG,BE0003822393,Belgien
E5M.DE,,USA
E5N.F,US30041T1043,—
E6Z.F,US00766T1007,USA
E7P.DE,,—
E7S.DE,,—
E7V.F,FR0010451203,France
E8K.F,CA29480N4049,—
PCU.DU,None,—
EAC.F,US2774321002,USA
EAM.F,IT0001233417,Italy
EB0.F,US27627N1054,—
EBA.DE,US2786421030,USA
EC8.F,US2074101013,USA
ECJ.F,US2788651006,USA
ECP.F,US2925541029,USA
EDA.SG,US2683111072,—
EDC.DE,,USA
EDGA.SG,ZAE000018123,Südafrika
EDJ.SG,IT0001472171,—
EDW.SG,ES0127797019,Spain
EDXR.MU,,—
EF3.F,FR0000130452,France
EFC1.SG,BE0974256852,Belgien
EFE.F,SE0005127818,—
EFL.F,CH0190891181,Switzerland
EFT0.F,US87874R3084,—
EFX.SG,US2944291051,USA
EG4.F,ES0130960018,Spain
EG7.F,IE0003290289,—
EGB.DE,,USA
EGG.F,US29272W1099,USA
EGT.F,US2829141009,USA
EH8.F,FR0000120669,—
EI2.F,US29530P1021,—
EI5.F,BMG8726T1053,—
EIA.F,FI0009007884,Finland
EIN.DE,DE000A40ESU3,—
EIX.F,US2810201077,USA
EJD.F,CA29258Y1034,Canada
EJT1.DE,None,Great Britain
EJXB.SG,SE0000163628,Sweden
EK5.F,ES0129743318,—
EK9.F,ES0105691002,—
EKT.DE,DE0005313506,Germany
ELG.DE,DE0005677108,Germany
ELI.F,US92335C1062,USA
ELO1.F,CA2849025093,Canada
ELXC.F,SE0016589188,Sweden
EM4.F,US29084Q1004,USA
EMB.F,CA33833X1015,—
EMR.F,US2910111044,USA
ENA.MU,None,Spain
ENI.DE,IT0003132476,Italy
ENL.DE,IT0003128367,Italy
ENQ.DE,,—
ENR.DE,DE000ENER6Y0,Germany
ENU.F,FI0009007603,Finland
ENXB.DE,,Netherlands
EO5.F,US26875P1012,USA
EOAN.DE,DE000ENAG999,Germany
EOB.F,US0396531008,—
EP3.F,US68554V1089,USA
EP5.F,US30214U1025,USA
EP6.F,US2686031079,—
EQ6.DE,,USA
EQR.SG,US29476L1070,USA
ER7.DU,None,France
ER9.F,IT0001157020,Italy
ERCB.DE,SE0000108656,Sweden
ERE.F,BMG3223R1088,Bermudan Islands
ERG1.F,US11040G1031,USA
ERT.MU,None,USA
ESF0.F,FR0014000MR3,France
ET7.F,US2963151046,USA
ET9.F,None,—
ETA.F,SE0008294953,—
ETX.F,FR0000051070,France
ETY.F,US29364G1031,USA
EUQ.F,FR0000121121,France
EV9.F,US29382R1077,—
EVAC.DE,None,—
EVD.DE,DE0005470306,Germany
EVK.DE,DE000EVNK013,Germany
EVL.F,US30052C1071,—
EVN.F,AT0000741053,Austria
EVT.DE,DE0005664809,Germany
EW2.F,US27579R1041,USA
EWL.DE,None,USA
EX9.SG,US30161Q1040,USA
EXM.F,US30226D1063,USA
EXP.F,US2971781057,USA
EY3.F,US1564311082,USA
EYI.F,GG00B1W3VF54,—
EYWN.SG,FR0013280286,France
EZ2A.F,US3023011063,USA
EZ3.F,IT0005588626,—
EZM.SG,FR0000124570,France
EZV.F,US25754A2015,Great Britain
F03.F,US34959J1088,USA
F0V.F,,—
F1YN.F,CA5503711080,—
F2F.F,IT0005497042,—
F3A.DE,US3364331070,USA
F3DC.MU,,Netherlands
F3M.DE,,—
F4G.F,,—
F4S0.F,,—
F5D.SG,FR0000064578,France
F5W.F,US32054K1034,USA
F6Q.F,FR0014007LQ2,—
F6S0.F,None,—
F6T.F,US31189P1021,—
F85.SG,,—
F8P.F,None,—
F9Q.DE,,—
FAN.F,KYG3323L1005,—
FAR.F,US3570231007,—
FAS.DE,,USA
FAU.DE,None,France
FB2A.F,US30303M1027,USA
FBF.F,PLBUDMX00013,—
FCW3.F,IT0004720733,—
FDK.F,US0298991011,USA
FDM.SG,KYG367381053,—
FDN.F,US29275Y1029,USA
FDX.DE,US31428X1063,USA
FE4.F,US3535141028,USA
FE7.F,US3379321074,USA
FEY.F,US35952H7008,—
FF60.F,US33768G1076,—
FFEA.F,ES0134950F36,—
FFH.F,US3167731005,USA
FFP.F,FR0000064784,France
FG8.F,US30225T1025,USA
FG9.F,US19247A1007,—
FGC1.F,US49803T3005,USA
FI4000292438.SG,,—
FIE.DE,DE0005772206,Germany
FIV.DE,,USA
FK2.SG,,—
FKM.F,NO0010234552,Norway
FL9.F,US12662P1084,—
FLH0.F,,—
FLN.F,GB00B02J6398,Great Britain
FLU.DE,,USA
FM5.F,US3208171096,—
FM7.F,US59100U1088,—
FMC1.DE,US3453708600,USA
FME.DE,DE0005785802,Germany
FMF.DE,,—
FMNB.DU,None,Italy
FMQ.SG,US3024913036,USA
FMV.F,CA32076V1031,Canada
FNL.F,GB00B2QPKJ12,Great Britain
FNTN.DE,DE000A0Z2ZZ5,Germany
FO4N.F,BE0974264930,Belgien
FO8.F,US34959E1091,USA
FOT.F,FI0009007132,Finland
FP3.F,US65339F1012,USA
FPE3.DE,DE000A3E5D64,Germany
FPR.F,US0215131063,—
FPW.F,US1200761047,—
FQI.MU,,USA
FQV.F,US84863T1060,USA
AFR0.F,FR001400J770,—
FR0000060790.SG,,—
FRA.DE,DE0005773303,Germany
FRE.DE,DE0005785604,Germany
FRI.F,US3032501047,USA
FRK.F,US3546131018,USA
FS5A.F,US3026352068,—
FSE.F,FR0000054900,France
FSF.F,NL0013654809,—
FSL.F,US34988V1061,USA
FT2.F,US3205171057,USA
FTD.F,BE0003823409,—
FTK.DE,DE000FTG1111,Germany
FU2.F,US3610081057,USA
FUO.F,US25659T1079,—
FV6.F,,Switzerland
FV8.SG,GB00BRJ9BJ26,—
FV9J.F,US12803K1097,Spain
FWF.F,US3434981011,USA
FWV.DE,,USA
FX3.F,US3393821034,—
FXT.DE,,—
FY2.F,,—
FZG1.F,US09624H2085,—
FZM.F,CNE1000004Y2,—
G08.F,ES0105130001,—
G0F0.SG,,Spain
G0G.F,US38046C1099,—
G14.DE,None,Netherlands
G1A.DE,DE0006602006,Germany
G1P0.F,US38500T2006,—
G1U.F,FI4000306873,—
G24.DE,DE000A12DM80,Germany
G2O.F,BMG9456A1009,—
G3V.F,US3932221043,—
G40.F,US36165L1089,—
G5LN.F,,Switzerland
G5NA.F,US3994732069,USA
G6G0.F,US3843136074,—
G70.F,CH0360674466,Switzerland
G84.F,US3687361044,—
GA8.F,US3841091040,USA
GAH.F,US3635761097,USA
GAN.SG,ES0116870314,Spain
GAP.F,US3647601083,USA
GBF.DE,DE0005909006,Germany
GBRA.DE,,Switzerland
GCZB.SG,US3893751061,—
GDG.F,FR001400PVN6,—
GDX.DE,,USA
GE9.F,DK0010272202,Denmark
GEF.SG,None,—
GEG.F,US36162J1060,USA
GEH.F,CH0225173167,Switzerland
GEI.SG,,USA
GEY.F,CH0114405324,Switzerland
GF7.DU,,—
GFF.F,US3984331021,—
GFI.SG,,Switzerland
GFT.DE,DE0005800601,Germany
GG1.F,CA19425C1005,—
GGRA.F,US3666511072,USA
GI2.F,US3746891072,USA
GI4.F,US36237H1014,—
GI6A.F,FR0010040865,France
GIL.DE,DE0005878003,Germany
GIN.MU,None,Switzerland
GIS.SG,US3755581036,USA
GKD.F,US38526M1062,—
GL4.F,,—
GL9.SG,IE0000669501,Irland
GLE.F,US3765361080,—
GLJ.DE,DE000A161N30,Germany
GLO.F,US37940X1028,USA
GLW.DE,,USA
GMZ.F,US02005N1000,—
GN5.F,IE00B00MZ448,Irland
GNBN.F,,Switzerland
GNN.DU,,Denmark
GO4.F,US3830821043,—
GOU.F,CA1520061021,Canada
GOV.F,US45784P1012,—
GPT.F,US3724601055,USA
GR8.F,NO0010365521,—
GRB.DU,,France
GRG.DE,,USA
GRU1.F,,—
GS2C.DE,US36467W1099,USA
GS70.SG,,—
GS71.DE,GB00BN7SWP63,Great Britain
GSB.SG,US38147U1079,—
GTN.F,SE0000202624,Sweden
GTR.F,US3825501014,USA
GTX.F,US3719011096,USA
GUI.DE,GB0002374006,Great Britain
GUL.F,FR0000066722,—
GUO.F,BMG420981224,—
GV6.F,CA0539061030,—
GWS.F,CA39138C1068,Canada
GWW.SG,US3848021040,USA
GXD.F,CA5503721063,Canada
GXE.DE,,Belgien
GXI.DE,DE000A0LD6E6,Germany
GYC.DE,LU0775917882,Luxembourg
GZ5.F,PTGAL0AM0009,Portugal
GZF.DE,FR0010208488,France
H0O.MU,,—
H13.F,FI4000508023,—
H1W.DE,GB00BMHVL512,—
H221.F,US84790A1051,—
H2V.F,GB00BRJQ8J25,—
H3Q.SG,,—
H3V.F,,—
H4N.F,FI4000577192,—
H6D.SG,US4055521003,—
H7B.F,US19247G1076,—
H7H.F,US40609P1057,—
H8Y.F,FR001400Q9V2,—
H98.F,NL0015000X07,—
H9B1.F,US42704L1044,—
HABA.DE,DE000A3H2333,Germany
HAG.DE,DE000HAG0005,Germany
HAL.DE,US4062161017,USA
HAR.F,US4128221086,USA
HAS.F,US4180561072,USA
HBC2.F,US4042804066,USA
HBG.F,US4433201062,USA
HBH.DE,DE0006083405,Germany
HBO.SG,US2527843013,USA
HC1A.F,US4228062083,—
HC1A.SG,,—
HCW.F,US95040Q1040,USA
HDFA.F,US40415F1012,India
HDI.DE,US4370761029,USA
HDP1.F,US04280A1007,USA
HE9.F,IT0001250932,—
HEI.DE,DE0006047004,Germany
HEN.DE,DE0006048408,Germany
HEN3.DE,DE0006048432,Germany
HF6.F,CY0200352116,—
HGUA.F,CH0030380734,Switzerland
HH1.F,US4101201097,USA
HHFA.DE,DE000A0S8488,Germany
HI4.F,US4464131063,USA
HI91.F,US43300A2033,USA
HIE.F,US43283X1054,—
HIJ.MU,,Netherlands
HIP.F,US7005171050,USA
HJN1.SG,NL0009269109,Netherlands
HK2C.F,HK0388045442,Hongkong
HL5.F,US42222N1037,USA
HL80.DE,,—
HL9C.F,SE0011090018,Sweden
HLAG.DE,DE000HLAG475,Germany
HLE.DE,DE000A13SX22,Germany
HLPN.F,GRS298343005,—
HLX.F,US4223471040,USA
HMC.F,US4131601027,USA
HMI.DE,FR0000052292,France
HMT.SG,,USA
HNK1.SG,NL0000009165,Netherlands
HNM.F,US6866881021,USA
HNR1.DE,DE0008402215,Germany
HO2.SG,US23331A1097,USA
HO7.F,US4404521001,USA
HOO.SG,KYG4412G1010,Cayman Islands
HOT.DE,DE0006070006,Germany
HOU.F,US15189T1079,USA
HP91.F,US4440974065,—
HPC.F,US4234521015,USA
HQ1.DE,,—
HQ7.F,US8292421067,—
HQS.F,US4312841087,USA
HRO.F,JP3799000009,—
HRPK.DE,DE000A11QW68,Germany
HRZA.F,SE0001662222,Sweden
HS1.F,US4219061086,USA
HS2.F,US8064071025,USA
HSC2.SG,ES0139140174,Spain
HSD1.F,US05366Y2019,—
HSY.DE,,USA
HT0.F,US42226K1051,—
HT3.F,GB00BRXH2664,—
HTD.F,US2183521028,—
HTR.DE,,—
HUEC.DE,,USA
HUKI.F,FI0009000459,Finland
HUM.F,US4448591028,USA
HUR.F,US4474621020,—
HVE.F,US45781M1018,—
HWI.F,US4198701009,USA
HWK.F,US4202611095,—
HXL.F,US4282911084,USA
HY9H.F,US78392B1070,—
I0K.F,,—
I10.SG,IT0005211237,Italy
I1M.F,SE0001515552,—
I1V.F,,—
I25.SG,US4500561067,—
I2T.F,US71385M1071,—
I3N.DE,,—
I4F.F,US8618961085,—
I56.F,IT0005541336,—
I5M.F,US46284V1017,USA
I5U.F,CA45823T1066,Canada
I5X.F,US74017N1054,—
I7B0.F,US45166E1047,—
I82.F,,—
I8P.F,FR0004024222,France
I8T.F,,Switzerland
I9DN.F,CA03879J1003,—
IAL.F,CA4509131088,Canada
IB7.F,BMG4690M1010,—
IBE1.F,ES0144580Y14,Spain
IBM.DE,US4592001014,USA
IC2.DE,,USA
IC7.F,US44930G1076,USA
ICY.F,US45337C1027,USA
ID6.DE,,—
ID7.F,US45167R1041,USA
ID8.F,,—
IDA.DE,,Spain
IDC2.F,US4489475073,—
IDI.F,US45867G1013,USA
IDP.F,US09062X1037,USA
IDV1.F,SE0000107203,Sweden
IEI.F,US45765U1034,USA
IES.DE,IT0000072618,Italy
IF0.F,NL0012661870,—
IF6N.F,US4586653044,USA
IFF.F,US4595061015,USA
IFX.DE,DE0006231004,Germany
IGQ5.F,GB00B1YW4409,Great Britain
IGX.F,US45688C1071,USA
IH9.F,,—
IHCB.SG,NL0000360618,Netherlands
IHP.F,US2544231069,USA
IJ8.F,GB00B0130H42,Great Britain
IJF.DE,,—
IJX.F,BE0003754687,—
IK1.F,US26142V1052,—
IKAP.F,CA05156V1022,—
ILM1.DE,DE000A1MMCC8,Germany
ILU.MU,None,USA
IM8N.DE,,USA
IMA.F,CA45245E1097,Canada
IMO1.SG,AT0000A21KS2,Austria
IMP.F,CA4530384086,Canada
IMR.F,CH0329023102,—
IMV.F,US4525211078,USA
IN9.F,US4611471008,—
INH.DE,DE0006200108,Germany
INL.F,US4581401001,USA
INN1.SG,NL0011821202,Netherlands
INP.F,US4601461035,USA
INR.F,ES0177542018,Spain
INVN.F,US45170X2053,USA
INX.F,NL0010801007,—
IOB.F,BE0003766806,Belgien
IOS.DE,DE000A3E00M1,—
IPF.F,US44980X1090,USA
IPJ1.F,IT0003865570,Italy
IPZ.F,FR0000073298,—
IRQ.SG,IT0001077780,—
IRV.F,CA45826T5098,—
IS5.F,MHY410531021,—
ISI.F,US4622221004,USA
IT0005385213.SG,,—
IT6.F,US4657411066,USA
ITB.F,GB0004544929,Great Britain
ITH0.F,US6402683063,—
ITM1.F,IT0005253205,—
ITU.DE,,USA
IU2.F,NO0010208051,Norway
IUI1.F,US46120E6023,USA
IUQ.F,CA2483561072,Canada
IV61.F,,—
IVS.F,SE0015811955,—
IXD1.DE,ES0148396007,Spain
IXX.DE,DE0005759807,Germany
IYAA.F,CA46579R1047,—
IYP.F,CH0325094297,Switzerland
IZ1.F,CA3359341052,Canada
J060.F,BMG0112X1056,—
J0J.F,CH1430134226,—
J0L.F,IT0001128047,—
J1F.F,CA74935Q1072,—
J2A.F,US96924N1000,—
J2BA.F,US30215C1018,Great Britain
J4B.F,US53263P1057,—
J4D.F,US49177J1025,—
J4F.F,CH0017875789,Switzerland
J4V0.F,US92212W1009,—
J5L1.F,US45817G2012,—
J7O.F,,—
J7Z.F,IE00B4Q5ZN47,—
J8W.DE,,—
J9I1.F,US33830Q2084,—
JB1.F,US4456581077,USA
JBL.F,US4663131039,USA
JBT.DE,,USA
JEJ.F,CA9279263037,—
JEN.DE,DE000A2NB601,Germany
JEP.DU,,—
JFG.F,,—
JGE.F,,Switzerland
JHA.F,AU000000JHX1,—
JHY.F,US4262811015,USA
JIX.F,CNE1000003K3,—
JMX.F,US57776J1007,—
JN0.F,NL0015000PB5,—
JNJ.DE,US4781601046,USA
JO1.F,US8004221078,—
JOE.F,US7901481009,—
JOT.F,FI0009007264,—
JP1A.F,US47012E4035,USA
JP3194650002.SG,,—
JP71.F,NL0015002K83,—
JPX.F,US0080731088,USA
JST.DE,DE000JST4000,Germany
JUN3.DE,DE0006219934,Germany
JUV.F,None,—
JX7.F,US29082K1051,—
JXC1.F,US48123V1026,USA
JYS1.F,DK0010307958,Denmark
K1W.F,US50105F1057,—
K27.F,US50015M1099,—
K34.F,FI0009005870,Finland
K3E.F,NL0000852531,Netherlands
K43.F,US10576N1028,—
K67.F,US34965K1079,—
K6B.F,US48242W1062,USA
K6V0.F,IT0005573065,—
K71.F,,—
K7J.F,,—
K7O0.F,,—
K7X.F,CA11271J1075,—
K8B.F,IT0005482333,—
K9N.F,,—
KAP.DU,,—
KAX2.F,,Switzerland
KB7.F,US83444M1018,—
KBH.F,US48666K1097,USA
KBX.DE,DE000KBX1006,Germany
KCH.F,US49714P1084,—
KCO.DE,DE000KC01000,Germany
KDB.DE,,Belgien
KEK1.F,FI0009007900,Finland
KEM.F,FI0009004824,Finland
KEY.F,US4932671088,USA
KFI1.DE,,Great Britain
KGHA.F,PLKGHM000017,Polen
KGX.DE,DE000KGX8881,Germany
KH6.F,NL00150012L7,—
KHNZ.MU,,USA
KHP.F,US5002551043,USA
KIC.SG,US49446R1095,USA
KIN2.DE,CA4969024047,Canada
KIY.DE,,USA
KK0.F,US65345N1063,—
KK3A.DE,,USA
KKS.F,US48581R2058,—
9O2.F,VGG2662B1031,—
KLA.DE,,USA
KM3.F,US4891701009,USA
KMY.MU,None,USA
KNIA.MU,None,Switzerland
KO2.SG,FR0010386334,France
KOC.F,US5006001011,USA
KODN.SG,US2774614067,USA
KOG.SG,US5010441013,USA
KOS1.F,US5006881065,—
KOZ1.F,None,—
KP5.F,NO0003079709,—
KPN.SG,NL0000009082,Netherlands
KPR.F,FR0000121964,France
KQ2.F,,—
KR51.F,US48251W1045,—
KR8.F,,Switzerland
KRC.F,US49427F1084,USA
KRN.DE,DE0006335003,Germany
KSB.DE,DE0006292006,Germany
KSB3.DE,DE0006292030,Germany
KSX.DE,,USA
KTF.SG,US6092071058,USA
KTN.DE,AT0000A0E9W5,Austria
KU1.F,US5012421013,USA
KUG1.F,JP3266800006,—
KUR.F,US50127T1097,USA
KWE1.F,US76680V1089,—
KWS.DE,DE0007074007,Germany
KY6.DE,,USA
KY7.F,NO0010215684,Norway
L0T.F,US36266G1076,—
L10.DE,,—
L1S.F,US53635B1070,USA
L34.SG,,—
L360.F,US5322061095,—
L3Y.F,US82728C1027,—
L4Q.F,,—
L5A.F,CA1366351098,Canada
L74.F,KYG9808A1058,—
L9S.F,US4037831033,—
LA3A.F,US5186132032,—
LAG.F,FR0000130213,France
LAR0.DE,,—
LAV0.F,CA04764T1049,—
LC0A.SG,US54951L1098,—
LC1.SG,US5138471033,USA
LC4.F,FR001400SF56,—
LCM.F,MHY1771G1026,—
LCO.F,US5341871094,USA
LCR.F,US5178341070,USA
LD1A.F,US5057431042,—
LDBA.F,DK0061804770,—
LDE.F,US5147661046,—
LDS.DE,,USA
LE0.F,US52567D1072,USA
LE6N.F,US5218652049,—
LED.F,US51509F1057,—
LEG.DE,DE000LEG1110,Germany
LEN.F,AT0000644505,Austria
LET.F,FR0000065484,France
LFS.F,US5370081045,USA
LG1.F,US50187T1060,—
LGDN.F,US53220K5048,—
LHA.DE,DE0008232125,Germany
LHL.F,HK0992009065,Hongkong
LHU.F,US5255582018,—
LHV.F,US3020811044,USA
LI3.SG,FR0000050353,France
LI4.F,US5352191093,—
LIA.F,GB00BYMT0J19,—
LID.F,US0185811082,USA
LIE.F,CA8667961053,Canada
LIN.DE,IE000S9YS762,—
LIVA.F,SE0021309614,—
LKQ1.F,US5018892084,USA
LLI.F,US5117951062,—
LLY.DE,US5324571083,USA
LMF.F,US5355551061,USA
LMO.F,US5367971034,USA
LNE.DE,,USA
LNH.F,BMG5361W1047,Bermudan Islands
LNLB.F,KYG5496K1242,—
LNN.F,US5260571048,—
LNR.F,CA53278L1076,Canada
LO3.SG,,Switzerland
LOM.DE,US5398301094,USA
LOO.F,JP3981000007,—
LOR.DE,FR0000120321,France
LP1.F,US5246601075,USA
LP3.DE,,USA
LPK.DE,DE0006450000,Germany
LRC.F,FR0010307819,France
LS3.F,US5021601043,USA
LS4C.DE,,Great Britain
LSPP.F,,Switzerland
LSU2.SG,GB00BYW0PQ60,Great Britain
LT3.F,US05463X1063,—
LT4.F,US53635D2027,—
LTD0.F,US0708301041,USA
LTEC.DE,,Switzerland
LTP.F,US5021751020,USA
LTR.F,US5404241086,USA
LTT.F,US5184151042,—
LU2.DE,,USA
LU3B.F,SE0000108847,Sweden
LV2B.F,US52736R1023,USA
LVO0.F,US5381463091,—
LWF.F,US5319141090,—
LXI.F,US5261071071,USA
LXS.DE,DE0005470405,Germany
LY0.F,US55087P1049,USA
M000.F,KYG9471C2068,—
M07.F,US5534981064,USA
M0N.F,,—
M12.DE,DE000A0STSQ8,Germany
M1H.F,CH0011108872,Switzerland
M1I.F,US55303J1060,—
M1L.F,CA5649051078,Canada
M2A0.F,US5904794089,—
M2K.SG,US59522J1034,USA
M3D.F,IT0005186371,—
M3I.F,KYG6145U1094,—
M3P.F,US58463J3041,USA
M44.DE,None,—
M45.F,SE0012308088,—
M46.MU,,—
M4ZA.F,US55272X6076,—
M55.F,US5560991094,USA
M5V.F,US28238P1093,USA
M6Q.SG,FI0009014575,Finland
M71.F,,—
M8V.F,US57164Y1073,USA
MAQ.F,US5719032022,USA
MAV.F,FR0010812230,—
MBB.DE,DE000A0ETBQ4,Germany
MBG.DE,DE0007100000,Germany
MBJ.F,US55262C1009,USA
MBK.DE,DE0008148206,Germany
MBY.F,US5962781010,—
MCHA.MU,,—
MCK.F,US58155Q1031,USA
MCP.F,US5950171042,USA
MCY.F,US5893781089,USA
MDF.F,US58470H1014,USA
ME1.F,IT0004776628,Italy
ME5A.F,US5915202007,USA
MEB.F,FR0004065605,—
MEL.F,ES0176252718,—
MEQA.F,ES0105025003,Spain
MEX.F,BE0165385973,—
MEY.F,US59001A1025,USA
MG1.F,US55277P1049,—
MG8.F,US5805891091,—
MGA.F,CA5592224011,Canada
MGC.F,US5528481030,USA
MGYB.F,HU0000073507,Ungarn
MH2.F,US8085411069,USA
MHG.DE,,USA
MHL.DE,US78409V1044,USA
MHR.F,US6005441000,USA
MHT.DE,,USA
MHV.F,US29472R1086,—
MIG.F,,—
MIY.F,US60649T1079,—
MJ8.F,JP3750500005,—
MK2A.F,JP3862400003,—
MK60.F,US74767N1072,—
MKC0.F,SE0021020716,—
MKL.F,NO0004822503,—
MKO.F,VGG1890L1076,Hongkong
MKQ.F,US6067102003,USA
MKS.F,EE3100098328,—
MKT.F,US55306N1046,USA
MKV.SG,US5705351048,—
MLB1.DE,US58733R1023,—
MLE.F,US2942681071,—
MLP.DE,DE0006569908,Germany
MLT0.F,SE0025158629,—
MLU.F,CA56501R1064,Canada
MLW.F,US5679081084,USA
MM3.F,US5898891040,USA
MM6A.F,US68404L2016,—
MMM.DE,US88579Y1010,USA
MMQ0.F,,—
MMX.F,US5732841060,USA
MMY.F,US5779331041,USA
MNGN.F,US5635714059,—
MNL.SG,IT0004195308,—
MO7A.DE,,USA
MO8.F,JP3926800008,—
MOB.F,US61174X1090,USA
MOH.SG,FR0000121014,France
MOI.F,US6090271072,USA
MOS.F,BE0003735496,Belgien
MOV.F,IT0004965148,Italy
MP2.F,NO0010791353,—
MPI0.DE,,—
MPN.SG,US56585A1025,USA
MPW.F,US56418H1005,USA
MR3.SG,,—
MRE.F,US5526901096,USA
MRI.F,HK0066009694,Hongkong
MRK.DE,DE0006599905,Germany
MRS.F,US6177001095,—
MRTA.F,SE0018012494,—
MS3.F,JP3885400006,—
MS51.DE,None,—
MS6N.F,ES0105122024,—
MS8.DE,,—
MSF.DE,US5949181045,USA
MSN.F,US5717481023,USA
MSPA.F,MA0000011488,—
MSQ.F,US5745991068,USA
MSRB.F,FI0009000665,—
MT0.F,BE0974413453,—
MTA.SG,FI0009003727,Finland
MTB0.F,US14167R1005,—
MTE.F,US5951121038,USA
MTLA.DE,,USA
MTO.DE,,USA
MTT.F,US5770811025,USA
MTX.DE,DE000A0D9PT0,Germany
MTZ.F,US55261F1049,USA
MUD.F,US6247561029,USA
MUF.F,KYG5784H1065,—
MUI.F,JP3870400003,—
MUM.DE,DE0006580806,Germany
MUQ.DE,,USA
MUV2.DE,DE0008430026,Germany
MUX.DE,DE000A2NB650,Germany
MV4.F,US6245801062,USA
MW1A.F,US5771281012,USA
MWI.F,US57060D1081,USA
MWK.F,US6081901042,USA
MWZ.F,US59156R1086,USA
MX0.F,CA03114B1022,—
MX2.F,US5768531056,USA
MX4A.F,US12572Q1058,USA
MX5.F,CA59151K1084,Canada
MY1.F,MU0295S00016,—
MY8.DE,,—
MYD.F,US62855J1043,USA
MYM.F,AT0000938204,Austria
MYP.DE,,—
N0S.F,NO0003055501,Norway
N14.F,CA64046G1063,—
N2S.F,FI4000552526,—
N2V.F,US63888U1088,—
N3B.F,,—
N3IA.F,US62914V1061,—
N4RN.F,NL0012365084,Netherlands
N4SA.F,NL0015000K93,—
N6B.DE,,—
N7I.DE,,—
N7ON.F,US53224K3023,—
N7T.MU,,Canada
N9Q.F,US74982T1034,—
NA9.DE,DE000A3H2200,Germany
NAQ.DE,None,USA
NB3.F,US64125C1099,—
NBG6.DE,DE0008435967,Germany
NBI1.F,BMG6359F1370,USA
NC0.F,US65249B1098,USA
NCGB.F,SE0000117970,Sweden
NCR1.F,US62886E1082,USA
ND1.F,US6556631025,USA
ND3.F,,Canada
NDA.DE,DE0006766504,Germany
NDX1.DE,DE000A0D6554,Germany
NE3.F,NL0000371243,—
NEF.SG,FI0009013296,Finland
NEM.DE,DE0006452907,Germany
NEQ.SG,FR0000120560,France
NESM.SG,US6410694060,—
NESR.MU,None,Switzerland
NF4.F,DE000A1MME74,Germany
NFC.F,US64110L1061,USA
NG2.F,US6404911066,USA
NG3.F,CA0558691014,—
NGJ.F,US64111Q1040,USA
NGL0.F,,—
NGR.F,CA66987E2069,Canada
NHK.F,JP3742600004,—
NI6.F,JP3743000006,—
NJB0.F,US65366E1001,—
NJPA.F,US64107N2062,—
NK1A.F,NO0003921009,—
NK5A.F,CA89621C1059,—
NKB2.F,US88322Q1085,USA
NKC.F,CA1375761048,Canada
NKE.DE,US6541061031,USA
NKT.F,DK0010287663,Denmark
NKZ0.F,US6496048405,—
NL0.F,US3847471014,—
NNFN.F,US56400P7069,—
NNGF.DE,GB00BDR05C01,Great Britain
NNM.DE,,USA
NNND.F,KYG875721634,Hongkong
NO30.F,,—
NOAA.SG,US6549022043,Finland
NOEJ.DE,DE000A1H8BV3,Germany
NOT.SG,CH0012005267,Switzerland
NOU.F,US65473P1057,USA
NOV.DE,DK0062498333,—
NP5.DE,IT0004147952,—
NPW1.F,GB0009223206,—
NPW1.SG,GB0009223206,Great Britain
NQ9.F,FR0010112524,France
NQG.F,US6098391054,USA
NR6.F,,—
NRA.DE,,USA
NRC.F,US64131A1051,—
NRE.F,FI0009005318,Finland
NRSA.SG,DK0061141215,—
NS1.F,US6304021057,—
NSC.SG,JP3670800006,—
NSK.F,JP3720800006,—
NSZ.F,US64115T1043,USA
NTA.F,US64110D1046,USA
NTH.MU,None,USA
NU42.F,US7625441040,—
NUO.F,US6703461052,USA
NUS.F,US67018T1051,—
NV3P.F,US6300873022,—
NVD.DE,US67066G1040,USA
NVE.F,US62944T1051,USA
NVJP.DU,,Belgien
NVK.F,US6294452064,—
NVV1.F,US6700024010,USA
NW0.SG,,—
NW7.MU,,—
NWC.SG,NO0010196140,—
NWJ.SG,US30040W1080,USA
NWL.F,US6512291062,USA
NWP.SG,US6517185046,—
NWT.F,US9497461015,USA
NXS0.F,US65338U1097,France
NY41.F,US18539C2044,—
NY70.F,US60871R1005,USA
NYT.DE,,USA
NZM.F,US6701081092,Denmark
O03.F,US29605J1060,—
O060.F,SE0022050183,—
O1Y.F,US09032H1059,—
O3I.F,BMG3602E1084,—
O3P.MU,AT0000APOST4,Austria
O5F.F,GB00BQH8G337,—
O5Q.F,US6907421019,—
O64.F,FR0000052680,—
O6O.F,NO0013135368,—
O8M.F,CA68634K1066,—
O9T.F,US0420682058,—
OA2.SG,US00191U1025,USA
OBB.DE,,—
OBCK.DE,DE000BCK2223,—
OBH.F,CH0000816824,Switzerland
OC9.F,US68213N1090,USA
OCD1.F,US1710774076,—
OCI1.F,ES0167050915,Spain
OCKA.F,CA4436281022,Canada
OCN.DE,,USA
ODF.F,US6795801009,USA
OE6.F,US4510511060,—
OEA1.F,SE0017766843,—
OEMA.SG,NL0013332471,Netherlands
OEWA.DE,AT0000746409,Austria
OG9.F,US68235P1084,—
OGL.F,US38173M1027,—
OGM1.F,US19239V3024,USA
OHB.DE,DE0005936124,Germany
OIC.F,NL0010558797,Netherlands
OJI.F,JP3174410005,—
OK3.F,US6882392011,USA
OKL.F,NO0003733800,Norway
OL0.F,SE0016588867,—
OL7.F,,—
OLD.F,US22410J1060,USA
OLN.F,US6806652052,USA
OM40.F,CA68390D1069,—
OM6.F,US67103H1077,USA
OMV.MU,AT0000743059,Austria
ONK.DE,None,USA
OO6.DE,,—
OPC.F,US6745991058,USA
OR8.F,FR0000050809,France
ORC.DE,US68389X1054,USA
ORI1.F,BMG677491539,—
ORJ.F,US6802231042,USA
OS2.F,US6710441055,USA
OS70.F,US6742152076,—
OSA.F,JP3180400008,—
OSK.F,JP3183200009,—
OT4.F,US6896481032,—
OT7.F,BE0974276082,Belgien
OTX.F,CA6837151068,Canada
OUTA.DU,None,Finland
OVER.F,US6903701018,USA
OVZ.F,SE0010948711,—
OWX.F,CH0019396990,Switzerland
OXQ1.F,US00770C1018,—
OYC.DE,,USA
P09.F,,—
P13A.F,CA6744822033,Canada
P4F.F,,—
P4L.F,US7404441047,—
P5P.F,CA7063271034,Canada
P6MB.F,CA72765Q8829,—
P6Z.F,CH0118530366,Switzerland
P7S.F,,Switzerland
P8Q.SG,,USA
P8S0.DE,,—
P911.DE,DE000PAG9113,Germany
P9G.F,US69924M1099,—
P9N.F,US53838J1051,—
PA2.SG,CA6979001089,Canada
PA9.F,US89417E1091,USA
PAE.DE,,USA
PAH3.DE,DE000PAH0038,Germany
PAR.DE,None,USA
PB8.F,US71742Q1067,—
PBDA.F,US74365A3095,—
PBE.F,US7045511000,USA
PBS0.F,US74019P2074,—
PBW.F,US7244791007,USA
PC60.F,,China
PCE1.DE,,USA
PCJ.F,US00289Y2063,—
PCX.F,US7043261079,USA
PCZ.DE,DE0006223407,Germany
PD9.F,US6932821050,—
PE1.F,US7034811015,USA
PE2.F,US9011091082,—
PE9.F,DK0060700516,—
PEA.F,US7055731035,—
PEKB.F,SE0000106205,—
PEN.F,US69318G1067,USA
PEO.SG,US30161N1019,USA
PEP.HM,None,USA
PER.F,FR0000120693,France
PFE.DE,US7170811035,USA
PFI.F,AT0000758305,Austria
PFV.DE,DE0006916604,Germany
PFX1.F,US7141572039,—
SJL.DU,,USA
PGR.F,US7433121008,USA
PGV.F,US7433151039,USA
PH8.F,US69753M1053,—
PHBN.F,,Switzerland
PHE.F,CA17253X1050,—
PHF.F,FR0012882389,—
PHI1.DE,NL0000009538,Netherlands
PHM7.SG,US02209S1033,USA
PHPN.F,US3632252025,—
PI3.F,DK0062266474,—
PI6.F,US6979471090,—
PI7.F,US74164M1080,USA
PK2.F,US7033431039,—
PK5.F,,Switzerland
PKA.F,US6951561090,USA
PKN.DE,,USA
PKTM.F,AT0000KTMI02,Austria
PKY1.F,PLPKN0000018,Polen
PL3.F,US8989201038,—
PL6.F,US7310681025,USA
PLQ.DE,,USA
PLSTRWI00019.SG,,—
PLUN.DE,US72919P2020,USA
PMRA.F,ES0169501022,Spain
PMTA.DE,,USA
PMV.F,PTZON0AM0006,Portugal
PN1.SG,US7075691094,USA
PNDA.F,US6246781081,Norway
PNE3.DE,DE000A0JBPG2,Germany
PNT.F,IE00BLS09M33,Irland
PNU.F,FR0000053381,France
PP1.F,US6988131024,USA
PP4A.F,PR7331747001,—
PP9.DE,,USA
PPQ.F,US6935061076,USA
PPX.DE,FR0000121485,France
PQ2.F,US7194051022,—
PQ51.F,CA6993202069,Canada
PQGA.F,US27923Q1094,—
PQIA.F,US7504911022,—
PQM.F,US7163821066,USA
PR4.F,NO0010209331,—
PRE1.F,CA74022D4075,Canada
PRG.DE,US7427181091,USA
PRHA.F,ES0175438003,—
PRL.F,US7512121010,USA
PRZ.SG,US7437131094,USA
PS3.F,US00847J1051,USA
PSRA.F,US21871N1019,USA
PTX.DE,US69608A1088,USA
PU4.F,FR0000130577,France
PU7.DE,,USA
PUM.DE,DE0006969603,Germany
PUP.SG,US74460D1090,USA
PVH.F,US6936561009,USA
PVJA.F,US1572101053,USA
PW2.DE,,USA
PWC.F,US7234841010,USA
PWI.F,US7392761034,USA
PX4.F,US7291321005,USA
PX91.SG,US14817C1071,—
PXK.F,CA7170461064,Canada
PXL.F,US72581M4042,—
PXM0.F,,—
PY3.F,,—
PY9.F,US05368V1061,USA
PYC.F,,—
PZXB.F,US72341E3045,China
Q0G.F,US90291W1080,—
Q0Z.F,,—
Q1D.F,GB00BNXJB679,—
Q23.DE,,—
Q41.DE,,—
QAA.F,US74762E1029,USA
QBE.F,AU000000QBE9,—
QCI.F,US7475251036,USA
QCTA.F,US0774541066,USA
QDI.F,US74834L1008,USA
QEN.F,US15135B1017,USA
QGJ.DE,,—
QGU.F,US7473011093,—
QH9.DE,US00486H1059,—
QIA.MU,NL0015002CX3,—
QJQ.F,DK0060542181,—
QKL1.F,US74837P4054,—
QL1A.F,US2197981051,—
QN0.F,BMG427061046,—
QNC1.F,CA0985461049,Canada
QNT.F,US7479066000,—
QPX.F,CA69946Q1046,—
QSV.F,FR0010908533,France
QTL.F,FR0000038242,France
QTS.DE,,USA
QUC.F,US7473161070,USA
QV1.F,,—
R0V.F,FI0009010912,—
R1D.F,NL0000687663,—
R1T.F,,—
R35.F,US77543R1023,USA
R3D.F,NL0015000LU4,—
R3NK.F,DE000RENK730,—
R3X1.F,US67577R1023,—
R66.DE,,USA
R6C0.F,GB00BP6MXD84,Great Britain
R7D.F,US7534221046,USA
R7E.F,CA23256X4075,—
R7R.DE,,—
R8M.F,,—
R902.F,DK0063855168,—
RA6.F,US7549071030,USA
RAB.F,US2582781009,—
RAC.SG,US76009N1000,USA
RAG.F,US7502361014,—
RATV.F,FI0009002943,—
RAW.DE,AT0000606306,Austria
RAX.DE,,USA
RAZB.F,SE0000111940,Sweden
RB0.F,US75901B1070,—
RB8.DE,,USA
RBS.F,ES0173908015,—
RC8.F,LR0008862868,—
RCF.DE,None,France
RCK.F,US7745151008,—
RCZ.F,BE0003656676,Belgien
RDC.SG,,Netherlands
RDEB.DE,GB00B2B0DG97,Great Britain
RE0.F,SGXZ53070850,—
RE21.F,ES0173093024,Spain
RE3.F,US7631651079,—
REJA.F,IT0005282865,Italy
REPA.SG,US76026T2050,Spain
RER1.SG,IT0003828271,Italy
REW.F,GB0007323586,Great Britain
RF6.SG,US12504L1098,USA
RFX.SG,FR0004044600,—
RG3.SG,US7802871084,USA
RG6.F,US7751331015,USA
RGI0.F,US7589322061,—
RGN.F,US7599161095,—
RGO.F,US75886F1075,USA
RHJ.SG,US7703231032,USA
RHM.DE,DE0007030009,Germany
RHO.DE,,—
RHS.MU,,—
RI1.F,CA09228F1036,Canada
RI2.F,,—
RIK.F,US74934Q1085,—
RIO1.F,GB0007188757,Great Britain
RIT1.F,US2043191079,Switzerland
RJF.F,US7547301090,USA
RJR1.F,,—
RK7.F,IT0005497885,—
RK8.F,US74348T1025,USA
RKVA.F,CA95083R1001,—
RL1.F,US7496071074,USA
RLD.F,US7496601060,—
RLG.F,US22160N1090,—
RLS.F,US7757111049,USA
RMB.F,US7509171069,—
RMC.SG,FR0000130395,France
RME.SG,US7611521078,USA
RMZ.F,CA7819036046,Canada
RN4.SG,PTREL0AM0008,Portugal
RN7.F,US7591EP1005,USA
RNL.DE,FR0000131906,France
RO7.SG,,—
ROI.SG,AT0000922554,Austria
ROP.F,US7766961061,USA
ROW.DE,,USA
RP8.DE,,USA
RPL.DE,,Finland
RPU.F,US7607591002,USA
RR6.F,US46655E1001,—
RRC.F,US7588491032,USA
RRJ.F,BMG7496G1033,—
RRK.F,US75700L1089,USA
RRN.F,US75689M1018,USA
RRTL.DE,LU0061462528,Luxembourg
RRU.F,GB00B63H8491,Great Britain
RS6.DE,,USA
RSH.SG,NL0000379121,Netherlands
RSK.F,BMG0450A1053,—
RSO.F,US7782961038,USA
RT3.F,,—
RV1.F,None,—
RV6.F,US1598641074,USA
RV7.F,US40637H1095,USA
RVS1.F,US2393601008,—
RWA.F,IL0010834765,—
RWE.DE,DE0007037129,Germany
RWI.DE,,—
RWL.DE,,USA
RXF.F,CA83056P7157,—
RXK3.F,US81642T2096,—
RY4C.SG,IE00BYTBXV33,Irland
RYD.DE,,—
RYQ.F,US75508B1044,—
RYSD.DE,GB00BM8PJY71,Great Britain
RZ2.F,US92338C1036,—
RZW.F,GA0000121459,—
S01.F,US86722A1034,USA
S090.F,US8693672011,—
S0I.F,,—
S0QA.F,MHY7542C1306,—
S0V.F,US8115431079,—
S1K0.F,,—
S24.F,US81619Q1058,—
S2B.F,NO0010612450,—
S2L.F,CA0717051076,—
S2S.SG,CA85207K1075,—
S3F0.F,CH1276028821,—
S3T.F,US8256901005,USA
S49.F,US8684591089,—
S52.F,BMG8726X1065,—
S5H0.F,KYG812291253,—
S5L.F,CA8536061010,—
S6IA.F,US5253271028,USA
S6W.F,MHY816691064,—
S7MB.SG,SE0000163594,Sweden
S86.F,US78463M1071,—
S8V.F,GG00BQZCBZ44,—
S92.DE,DE000A0DJ6J9,Germany
S94.DE,,—
S97.F,CA8051121090,—
S9H.F,US86260J1025,—
S9L.F,IT0004712375,Italy
S9Y.F,CA82835P1036,Canada
SA2D.F,US80007P8692,—
SAP.DE,DE0007164600,Germany
SAX.DE,DE0007493991,Germany
SAYN.F,US8010561020,USA
SB7.F,CA8029121057,Canada
SBL.F,MHY7388L1039,—
SBW.F,JP3320800000,Japan
SC3.F,US8060371072,USA
SCB.F,FR0000039109,—
SCE.DE,DE0005156236,Germany
SCL.F,AN8068571086,USA
SCQA.F,US8101861065,USA
SCY.F,IL0011267213,USA
SCZ.F,US8666741041,—
SD5.DE,,USA
SDF.DE,DE000KSAG888,Germany
SDRC.DE,None,France
SDV1.SG,,—
SE0001200015.SG,,—
SE0014781795.SG,,—
SE4.SG,US8168511090,USA
SE9.F,SE0009268279,—
SEJ1.DE,None,France
SEO.F,GB0007973794,Great Britain
SEP0.F,CA8139211038,—
SES.F,LU0088087324,Luxembourg
SF5.F,GB00BYZDVK82,—
SFC.F,FR0013214145,—
SFE.F,US87165B1035,USA
SFK.F,FR0011950682,—
SFQ.DE,DE000SAFH001,Luxembourg
SGL.DE,DE0007235301,Germany
SGM.DE,NL0000226223,Netherlands
SH5.MU,,—
SH9.F,US82312B1061,—
SHA0.DE,DE000SHA0100,—
SHG.F,HK0016000132,Hongkong
SHL.DE,DE000SHL1006,Germany
SHR2.F,,Switzerland
SI4.F,,—
SIE.DE,DE0007236101,Germany
SII.DE,CA9628791027,Canada
SIKA.MU,,Switzerland
SIX2.DE,DE0007231326,Germany
SIX3.DE,DE0007231334,Germany
SJ3.MU,,USA
SJ7.F,FR0000121220,France
SJI.F,NO0006390301,—
SJM.F,US5562691080,USA
SJN.F,US87157D1090,USA
SKFB.F,SE0000108227,Sweden
SKNB.F,SE0000113250,Sweden
SKT.F,NO0003053605,Norway
SKWC.F,SE0000120669,Sweden
SKWC.SG,,—
SL1.F,US8070661058,USA
SL3.F,US8270481091,USA
SLL.SG,AT0000946652,Austria
SLW1.F,US87089E1001,Switzerland
SLYG.DE,BG1100003166,—
SM1.DE,,USA
SM2.F,US8168501018,USA
SM3.F,CA8672241079,Canada
SMHN.DE,DE000A1K0235,Germany
SMP0.F,FI4000552500,—
SN6.F,BMG850801025,—
SND.F,FR0000121972,France
SNIA.F,US80689H1023,—
SNK.F,JP3326000001,—
SNM.SG,IT0003153415,Italy
SNS.F,US8354951027,USA
SNW.SG,FR0000120578,France
SOCA.HM,,Luxembourg
SOH1.DE,,France
SOL.F,BE0003470755,Belgien
SOT.DE,,USA
SP1.F,US73278L1052,USA
SP4P.F,US0044685008,—
SPC.DE,DE000A3CQ5L6,—
SPEA.DU,,—
SPW0.DE,,—
SPX.F,US84615Q1031,—
SQ3.DE,US8522341036,USA
SQ7A.DU,,—
SQE.F,US86272C1036,USA
SQR.DE,,—
SQU.DE,FR0000125486,France
SQZ.F,US78413P1012,—
SR2.F,IT0005312027,—
SR3.F,US8523123052,—
SR9A.F,US8708861088,Switzerland
SRB.DE,US8552441094,USA
SRM0.F,,—
SRT3.DE,DE0007165631,Germany
SRU.F,US8536661056,USA
SS8.F,US8631111007,—
SSF.F,US81725T1007,USA
ST2.F,US8641591081,USA
ST5.DE,DE000A0LR936,Germany
STM.DE,DE000STAB1L8,Germany
STP.F,FR0000064271,France
SU1N.F,,Switzerland
SUD.F,SE0000653230,—
SUL1.F,,Switzerland
SUV.F,,—
SUX.DE,,USA
SUY1.SG,GB00B019KW72,Great Britain
SVC.DE,,USA
SVHH.SG,SE0007100599,Sweden
SVK.F,US8002122013,Sweden
SW6.F,US85254J1025,—
SWF.F,US8545021011,USA
SWG.DE,,USA
SWI.F,HK0019000162,Hongkong
SWJ.F,,Switzerland
SY1.DE,DE000SYM9999,Germany
SY2.F,US8308791024,USA
SYJ.F,US8608971078,USA
SYK.DE,,USA
SYM.F,US6687711084,USA
SYP.DE,None,USA
SYY.F,US8718291078,USA
SZ2.F,BMG812761002,Bermudan Islands
SZ7.F,None,—
SZG.DE,DE0006202005,Germany
SZL.F,NO0003080608,—
SZR.F,US8448951025,USA
SZU.DE,DE0007297004,Germany
T0J2.F,NL0015001OI1,—
T12.DE,,—
T2T.DE,,—
T2V1.F,DK0060636678,Denmark
T5R.F,ES0178165017,Spain
T5X.F,GB00BJT16S69,—
T5Z.SG,US8808901081,—
T6A.F,US8969452015,USA
T6O.SG,US8754651060,USA
T70.F,US8946501009,USA
T77.F,US52603B1070,—
T7D.DE,,USA
T7U.F,US76665T1025,—
T7W.F,AU000000TWE9,—
T8F.F,JP3569200003,—
T8Z.F,,—
T9A.F,,—
T9CA.F,US8781553081,—
TA1.F,AT0000720008,Austria
TAR.DE,,—
TB5.F,US8962391004,USA
TBH.F,US8793691069,USA
TCE2.F,US15117B2025,—
TCS.F,US05464C1018,—
TCX.F,ES0132945017,—
TD5A.F,US8753722037,—
TD9.F,US88642R1095,USA
TDB.F,CA8911605092,Canada
TE1.DE,,USA
TE7.F,US88025T1025,USA
TE8N.F,,Switzerland
TEG.DE,DE0008303504,Germany
TEN.F,,Switzerland
TEQ.F,NO0010063308,Norway
TEV.F,US8816242098,Israel
TEX.F,SE0000379190,Sweden
TEY.DE,,USA
TF2.F,JP3460200003,—
TF7A.SG,US9024941034,USA
TG9.SG,AU000000CWY3,USA
TGE1.F,CH0276837694,Switzerland
TT6.MU,,USA
TGO.SG,FR0005691656,France
TGR.F,US9884981013,USA
TH1.F,US89854H1023,USA
TH93.F,US29082P2039,—
THC1.DE,,USA
THM.F,US87724P1066,USA
TIB1.F,HK0669013440,Hongkong
TII.DE,,USA
TIMA.DE,DE000ZEAL241,Great Britain
TIV.F,US8851601018,USA
TK41.F,BMG9108L1735,—
TK9.F,FI4000197934,—
TKA.DE,DE0007500001,Germany
TKE.DE,,USA
TKH.F,US8873891043,USA
TKK1.MU,None,—
TKMS.DE,DE000TKMS001,—
TL0.DE,US88160R1014,USA
TLK.F,US8894781033,USA
TLLB.F,SE0000114837,Sweden
TLS.F,SE0000667925,Sweden
TLX.DE,DE000TLX1005,Germany
TM2.F,DK0010311471,Denmark
TM5.DE,US8725901040,USA
TM9.F,NO0010360019,—
TMJ.F,US37959E1029,—
TMRA.F,NO0012470089,—
TMV.DE,DE000A2YN900,Germany
TN1.F,US8803451033,USA
TN2.F,IT0005162406,—
TN3.F,US8962881079,—
TN8.F,US8835561023,USA
TNE5.F,ES0178430E18,Spain
TNU3.F,FR0010533075,France
TO2.F,US8910921084,USA
TOC.SG,,—
TOH.F,JP3598600009,—
TOJ.F,,Switzerland
TOTB.F,FR0000120271,France
TPD.DE,,USA
TPE.DE,DE0007461006,Germany
TPT.F,CA8787423034,Canada
TPW.F,US8982021060,—
TQK.F,US95058W1009,USA
TQR.F,HK0000145638,—
TR4.DE,,USA
TR8.F,US8935291075,—
TRL.MU,None,USA
TRR.DE,,USA
TRVC.DE,US1729674242,USA
TRY.F,US06759L1035,—
TSA.F,US0044981019,USA
TSFA.F,US8740391003,Taiwan
TT1.F,US87305R1095,USA
TT8.DE,None,USA
TTA.F,US8965221091,USA
TTEB.F,FI0009000277,Finland
TU0.F,SE0006422390,—
TUI1.DE,DE000TUAG505,—
TUQ1.F,US8986972060,—
TV9.F,,—
TW10.F,LU2598331598,—
TWH.F,US90138F1021,USA
TWL.F,US8290731053,USA
TWSA.SG,NL0000852523,Netherlands
TWZ.F,CA8959451037,Canada
TXG.F,US8807791038,USA
TXT.F,US8832031012,USA
TYIA.SG,IE00BY7QL619,USA
TYR.SG,,—
TZ1.F,CA89346D1078,Canada
TZ3.F,US8905161076,USA
TZ8.F,IT0003027817,—
U1B.F,GB0006928617,Great Britain
U1N.DE,,USA
U3I.SG,SE0001824004,—
U6Z.F,US9168961038,—
U7X.F,FI4000251954,—
U9R.F,US9043111072,USA
U9T.F,CA91688R1082,—
UA10.F,,—
UA9.F,US70959W1036,—
UAL1.F,US9100471096,USA
UAO.DE,,—
UBW1.F,US05614L2097,—
UCBN.F,US90984P3038,USA
UCE.DE,,—
UCI.F,US1264021064,—
UCM.SG,IT0001347308,Italy
UD1.F,,—
UDM.F,CA8765111064,Canada
UEO.DE,,—
UF0.SG,,USA
UF2.F,US8678921011,USA
UF3.F,US90278Q1085,USA
UG5A.F,ZAE000071080,—
UG6.F,BMG7738W1064,—
UH3.DE,,—
UHRN.SG,CH0012255144,Switzerland
UI51.F,CA94106B1013,Canada
UIPN.F,IT0004810054,Italy
UK8.F,US2296631094,—
ULB.F,US9038991025,—
ULI.F,US9119221029,—
UN0.DE,DE000UNSE026,—
UN3.F,US9111631035,USA
UN9.DE,AT0000821103,Austria
UNC.DE,,Belgien
UNH.DE,US91324P1021,USA
UNP.SG,US9078181081,USA
UNS1.F,US9255501051,USA
UOF.F,US9170471026,USA
UP0.F,US90400D1081,—
UP2.F,US91688F1049,USA
UQ1.F,NL0010696654,—
UR3.F,US9113631090,USA
US0067542045.SG,,Switzerland
US03784Y2000.SG,,—
US0773473006.SG,,—
US11135E2037.SG,,—
US14427M1071.SG,,—
US3.F,None,USA
US30233G2093.SG,,—
US35137L1052.SG,,USA
US35137L2043.SG,,USA
US3696043013.SG,,USA
US42250P1030.SG,,USA
US4432011082.SG,,USA
US6525262035.SG,,—
US6565316055.SG,,Norway
US68622V1061.SG,,—
US75513E1010.SG,,USA
US7580754023.SG,,—
US8.SG,,—
US81761L1026.SG,,USA
US83012A1097.SG,,—
US83418M1036.SG,,—
US85208T1079.SG,,—
USY1.F,US9092143067,USA
UT8.DE,US90353T1007,USA
UTDI.DE,DE0005089031,Germany
UTI.F,US9139151040,USA
UU8.F,,—
UUM.F,US91529Y1064,USA
UV3.F,NO0012851874,—
UVA.F,FR0000036816,—
UVD.DE,,—
UVV.F,US9134561094,USA
UWV.F,US92922P1066,—
UX2A.F,US9837931008,USA
V02.MU,,—
V0Y.DE,,USA
V16.F,FR0000031577,—
V1K.F,US46571Y1073,—
V1L.DE,,USA
V1NC.F,,—
V1S.F,FR0010313833,France
V22.F,CA26886R1047,—
V2W.F,,—
V30.F,SE0023313762,—
V34.F,,—
V4OC.MU,,—
V4Y.F,FR001400U4P9,—
V71.F,US44812J1043,—
V72.F,SE0018535684,—
V76.F,US7416231022,—
V7B.F,US0453962070,—
V7XN.F,US92921W3007,—
VA7A.SG,US92345Y1064,USA
VACD.DU,,France
VAS.F,AT0000937503,Austria
VAT.F,CH0014786500,Switzerland
VAW.F,US91851C2017,—
VAYA.F,FI0009900682,—
VBK.DE,DE000A0JL9W6,Germany
VC3.F,US1993331057,—
VCV.DE,,USA
VDY.F,US68287N1000,USA
VEE.DE,,USA
VEK.F,US92347M1009,—
VEN.SG,US92276F1003,USA
VEO.F,US9224171002,USA
VEW.F,CA92512J1066,—
VF4.DE,,—
VGA.F,CA3759161035,Canada
VH2.DE,DE000A255F11,Germany
VHM.F,ES0182870214,Spain
VHY.DE,,USA
VI1.F,US9202531011,USA
VI4.F,US92214X1063,—
VIA.F,US92556V1061,USA
VIP.F,US92828Q1094,USA
VIR.SG,ES0183746314,—
VIS.SG,ES0184262212,Spain
VLA.SG,,—
VM4.F,US9216591084,—
VMC.F,US9291601097,USA
VN6.F,IT0005500688,—
VNA.DE,DE000A1ML7J1,Germany
VNB.F,US9197941076,USA
VNC1.SG,US92719W2070,—
VNI.DE,,USA
VNX.DE,,Netherlands
VO1.F,GB00BN3ZZ526,Great Britain
VO51.F,CA2926717083,Canada
VODJ.F,US92857W3088,Great Britain
VOL4.MU,,Sweden
VOS.DE,DE0007667107,Germany
VOW.DE,DE0007664005,Germany
VOW3.DE,DE0007664039,Germany
VPK5.SG,NL0009432491,Netherlands
VRS.F,US92343E1029,USA
VS1.DE,,USA
VS2.F,US9222801022,—
VS51.F,US92839U2069,USA
VSA2.F,FR0013176526,France
VT6.F,US92915B1061,—
VTFN.F,SE0011205202,—
VTM.F,CA0209361009,—
VVDH.F,US92334N1037,France
VVU.DE,FR0000127771,France
VWSB.DE,DK0061539921,Denmark
VX1.DE,,USA
VY4.F,CA83307B1013,—
W2L.F,US81282V1008,—
W3U.F,US9598021098,USA
W3W.F,US9427491025,USA
W62.F,,—
W7D.F,US98138H1014,USA
W7L.F,FR0010340141,France
W8C.F,CY0200751713,—
W8K.SG,,—
W98.F,SE0000526626,—
W9C.F,CA21037X1006,USA
WA3.DE,,—
WA4.F,US9345502036,USA
WA9.F,US9295661071,—
WAF.DE,DE000WAF3001,Germany
WAZ.F,US9418481035,USA
WC3.F,US9426222009,USA
WCH.DE,DE000WCH8881,Germany
WD1.F,US9292361071,USA
WD5A.F,US8941641024,USA
WDH1.F,DK0060738599,Denmark
WDP.DE,US2546871060,USA
WE1.F,US9507551086,USA
WEA.F,US9576381092,—
WF2.F,US97650W1080,USA
WF5A.F,US50077B2079,USA
WFK.F,US9814751064,USA
WGB.F,US45826H1095,USA
WHR.F,US9633201069,USA
WI20.F,US97751W1062,—
WI4.F,CNE1000004L9,—
WIB.SG,AT0000831706,Austria
WIC.F,US92939U1060,USA
WIJ.F,US9706461053,—
WILC.F,SE0011166974,—
WIQ.F,US1844991018,—
WIS.F,FR0000121204,France
WJ4.DE,,—
WL9.DE,,USA
WM1.F,US9699041011,USA
WNL.MU,,—
WOSB.F,NL0000395903,Netherlands
WP7.DE,,—
WPHB.F,BE0974349814,Belgien
WPI.F,CA9609085076,—
WPOB.F,US3846371041,USA
WER.F,NL0000289213,Netherlands
WPY.SG,US92936U1097,USA
WR1.F,US0844231029,USA
WRG.F,IT0005138703,—
WS11.MU,,USA
WST.DE,,—
WSV2.F,AT0000908504,Austria
WT5.F,US1307881029,USA
WTH.F,US9818111026,USA
WTY.F,IE00BDB6Q211,USA
WUC.F,None,—
WUW.DE,DE0008051004,Germany
WV8.F,US0534841012,USA
WW1.F,US9807451037,USA
WW2.F,US17306X1028,—
WW4.F,US9780971035,USA
WX4.F,US6819361006,USA
WXE.F,US9030021037,—
WYR.F,US9831341071,USA
X06.DE,,—
X0M1.F,US98419J2069,—
X3C.F,IE000DU292E6,—
X68.DE,,—
X7Q.MU,,—
X88.HM,,—
X8G.F,ES0105836003,—
X9C.F,CA59124U6051,—
XA4.F,US1431301027,USA
XAL.F,FR0000033219,France
XC1.F,US12685J1051,—
XC4.F,US1248051021,—
XCA.DE,,France
XCY.F,US68375N1037,USA
XD1.F,BE0003858751,—
XD4.F,AT000000STR1,Austria
XE7C.F,US14147L1089,—
XE9.F,US98401F1057,—
XER2.F,US98421M1062,USA
XFB.F,BE0974310428,Belgien
XGH0.F,US26876F1021,—
XGJ.F,NO0010582521,Norway
XGR2.DE,GB00BD6K4575,Great Britain
XH0.F,DK0061686714,—
XI3.F,PLBCLTX00019,—
XIM.F,US53815P1084,USA
XK2.F,FI4000571054,—
XKR.F,US48238T1097,USA
FTE1.F,US6840601065,France
XOA1.F,PTSNC0AM0006,Portugal
XONA.F,US30231G1022,USA
XP0.F,CA98420N1050,—
XPGB.DU,,Norway
XPH.DE,,USA
XPX.F,US98379L1008,—
XRP2.F,US82686Q1013,—
XSC.F,JP3421800008,—
XSG.F,JP3311600005,—
XSZ.F,JP3358800005,—
XT1.F,US1265011056,USA
XTG.F,ES0105065009,—
XTY.DE,,USA
XXA1.F,US0545402085,—
XXY.F,US2274831047,USA
XY6.DE,US98419M1009,USA
XY81.F,BMG1738J1247,—
XZ9.F,US88338K1034,—
Y232.F,,—
Y5C.F,US36828A1016,—
Y6R.F,CA57722Y1025,—
Y7G.F,,—
Y8O.F,NL0015001KT6,—
Y9L.F,US9858171054,USA
YA3.F,FR001400T0D6,—
YAG.F,,—
YB4P.F,US8051111016,—
YCP.HM,,USA
YDO1.F,US5588681057,—
YDX.F,NL0009805522,Netherlands
YH1.F,US00912N4034,—
YIR.F,KYG984191075,—
YIT.F,FI0009800643,Finland
YL8.DE,,—
YO0.F,CA4339211035,—
YTSN.F,,Switzerland
YWA.SG,,—
YZ8.F,US71424F1057,—
YZA0.F,CH1425684714,—
Z0Y.F,US46982L1089,—
Z1L0.F,US52681J1051,Norway
Z29.DE,DE000A2LQ2D0,—
Z2G.F,,—
Z2J.F,US9821041012,—
Z4B.F,,—
Z4Z.SG,,—
Z85.F,NO0010073489,—
Z8J.F,FR001400A3Q3,—
Z9D.F,SE0000567752,—
ZA71.F,US5171251003,—
ZA8.F,US98985Y1082,—
ZAL.DE,DE000ZAL1111,Germany
ZAS.F,US04621X1081,USA
ZB1.F,US9897011071,USA
ZCG.F,US09180C1062,USA
ZEG.F,GB0009895292,Great Britain
ZEH2.F,,Switzerland
ZFIN.DE,,Switzerland
ZGV3.F,US3743964062,USA
ZGY.F,US31620M1062,USA
ZH2.F,CH1169360919,—
ZI7.F,,—
ZIL2.DE,DE0007856023,Germany
ZIM.F,US98956P1021,USA
ZOE.MU,None,USA
ZRE.F,CH0042615283,Switzerland
ZS2.SG,US8873991033,—
ZS3.F,IT0000072170,Italy
ZSL.F,US83413U1007,—
ZSV.SG,CA7847301032,Canada
ZT1A.DE,,USA
ZT8.DE,,—
ZV5.F,CH1403212751,—
ZVA.F,FR0010425595,—
ZX6.MU,,—
ZZA.F,US17243V1026,USA
